charger_longitude;charger_latitude;Rating;atm;bakery;bar;bicycle_parking;books;cafe;clothes;doctors;fast_food;hairdresser;parking;pharmacy;playground;pub;restaurant;school;sports_centre;supermarket
3.5060095;51.4923017;3;0;0;0;3;0;0;0;0;0;0;0;0;0;0;5;0;0;1
3.5202118;51.4748088;1;0;0;0;0;0;0;0;0;0;0;0;0;1;0;5;0;0;1
3.522221;51.473461;1;0;0;0;0;0;0;0;0;0;0;0;0;1;0;5;0;0;2
3.5224496;51.470047;3;0;0;0;1;0;0;0;0;0;0;0;0;1;0;7;0;0;2
3.55138;51.4794999999999;4.5;0;1;0;3;0;0;0;1;0;0;0;0;1;0;0;0;0;2
3.5559576;51.4635289;4;1;1;0;1;0;0;0;1;1;2;1;1;1;0;2;0;1;2
3.555983;51.520892;5;0;0;0;1;0;1;0;0;0;0;0;0;1;0;0;0;0;0
3.55614;51.4764365;5;0;1;0;2;0;0;0;1;0;0;0;0;2;0;0;0;0;2
3.5646005;51.4463113;1;4;5;0;12;2;18;29;5;19;7;1;3;1;15;43;3;0;2
3.5669491;51.4531275999999;5;2;3;0;5;0;2;1;8;11;4;6;5;3;2;18;3;0;2
3.57322;51.440683;1;4;4;0;10;2;17;29;2;18;6;2;1;0;15;42;0;0;2
3.58248979999999;51.4418755;5;4;4;0;12;2;18;29;2;18;6;2;0;0;15;39;0;0;2
3.59071019999999;51.5490936;5;0;0;0;1;0;0;0;1;0;0;1;1;0;0;1;0;0;1
3.5983805;51.4839741;4;1;0;0;3;0;0;0;0;1;0;0;0;2;0;1;0;0;3
3.601188;51.5549279;3;0;0;0;1;0;0;0;1;0;0;0;1;0;0;1;0;0;1
3.607906;51.4959527;1;3;9;2;24;5;13;59;9;13;4;4;1;3;2;32;0;0;5
3.6183342;51.496598;4;3;9;2;20;5;14;59;9;12;4;3;2;3;2;32;0;0;4
3.6232022;51.4971119999999;5;2;7;2;16;5;11;50;8;9;2;3;2;3;2;30;0;0;3
3.625895;51.4801049999999;5;0;2;0;0;0;1;0;1;2;1;0;1;1;0;2;0;0;2
3.6776495;51.4966464;1;1;2;0;4;0;0;0;1;2;0;0;1;0;0;0;0;1;1
3.866485;51.4919532;4;1;0;0;0;0;0;0;1;0;0;2;0;0;0;1;0;0;0
3.875382;51.506797;4;1;2;0;1;0;2;1;1;2;0;3;1;0;2;12;2;0;5
3.8823682;51.4996752;5;7;2;2;2;6;7;45;2;9;7;4;1;0;10;36;2;0;8
3.88927;51.508318;4;7;3;3;5;6;5;45;3;9;7;4;1;1;10;37;2;0;8
3.8919415;51.4977909;4;7;4;2;6;7;7;46;4;10;8;5;2;1;10;38;4;0;9
3.895796;51.482619;5;0;1;0;0;0;0;0;2;6;0;0;0;0;0;1;1;0;0
3.897791;51.4981099;4;7;5;2;6;7;6;46;6;10;8;5;2;1;10;35;0;0;8
3.98591669999999;51.5112598;5;0;0;0;2;0;0;0;2;0;0;1;0;0;0;1;0;0;1
4.03855999999999;51.4451;4;1;1;0;1;0;0;0;1;0;0;1;0;0;0;1;0;0;1
4.047835;51.4948229;5;2;1;1;4;0;1;9;1;3;4;1;1;0;0;16;1;1;1
4.0492062;51.4912088;5;2;1;1;4;0;0;9;1;3;4;0;1;0;0;15;1;1;1
4.051902;51.481262;5;0;0;1;0;0;0;1;0;0;0;0;0;0;0;2;0;0;1
4.0561585;51.4879032;5;2;1;1;0;0;0;8;0;2;4;0;0;0;0;14;1;0;1
4.20836299999999;51.971317;5;0;1;0;0;0;0;0;0;1;0;0;0;0;0;0;0;0;0
4.2118651;51.9696068;5;0;1;0;0;0;0;0;0;1;0;0;1;0;0;0;0;0;0
4.2145282;52.0623851999999;3.6;0;1;0;0;0;2;1;0;2;2;0;0;4;2;5;0;0;2
4.2226233;51.973124;5;0;1;0;0;0;0;0;0;1;0;0;0;0;0;0;0;0;0
4.2228473;52.067934;3;0;1;0;1;0;1;1;0;2;2;0;0;1;2;5;0;0;3
4.224901;52.060806;1;1;3;0;3;1;4;4;0;2;6;0;1;5;2;5;0;1;4
4.2259527;52.0652866999999;4;1;2;0;2;1;3;4;0;2;6;0;1;2;2;6;0;0;5
4.2389005;52.0387534;3;0;0;0;1;0;0;0;0;0;0;0;0;3;0;0;0;3;0
4.2447868;51.9562222;5;0;0;0;0;0;0;0;0;0;0;1;0;0;0;0;0;0;0
4.265091;52.102791;4;1;3;2;3;2;5;6;2;11;7;3;2;1;2;39;0;0;3
4.267299;51.477953;1;1;0;0;0;0;0;0;0;1;0;0;1;7;0;0;1;0;0
4.2686491;52.1014317;5;1;4;2;3;3;7;6;2;12;8;6;2;1;2;46;1;0;5
4.273516;51.526812;1;1;2;0;1;0;0;3;0;2;2;0;1;0;0;2;0;0;3
4.2792667;51.5224108;4;1;2;0;1;0;0;3;0;2;2;0;0;0;1;1;0;0;3
4.27932699999999;51.5293173;4;1;2;0;1;0;0;3;0;2;2;0;1;0;1;2;0;0;3
4.2796552;51.5161378;5;0;1;0;0;0;0;1;0;1;0;7;0;0;1;1;2;0;2
4.2835029;51.903975;3.5;0;0;0;1;0;0;0;0;0;0;2;0;0;0;0;0;0;0
4.28389;51.5082;1;1;0;0;0;0;0;0;1;2;0;7;1;0;1;0;5;0;2
4.28655799999999;51.5004236;5;2;6;0;3;2;5;24;1;14;1;9;2;0;31;41;4;1;3
4.290132;51.496737;4;3;6;0;3;2;5;24;0;14;1;5;2;0;34;41;4;1;4
4.2939767;52.0425686;3.3;0;0;0;1;0;1;1;1;4;0;0;2;7;1;3;2;4;1
4.2949488;51.4826073;4;1;1;1;0;0;0;0;0;4;1;0;1;0;6;6;1;0;6
4.2951956;51.4950755;1;3;7;0;3;2;5;24;0;15;2;5;3;0;31;40;4;1;4
4.3038639;52.0780377;5;14;11;28;11;11;95;204;8;97;82;11;5;6;59;235;2;4;18
4.3043014;52.0758304;3;13;11;31;10;9;86;193;10;92;79;11;8;10;56;197;3;6;20
4.3060009;52.0747405;2;14;15;37;10;9;95;202;12;106;96;11;9;13;58;203;3;5;21
4.31785899999999;52.03606;4;7;5;1;2;1;2;18;2;17;9;10;5;14;0;10;5;0;8
4.32143349999999;51.9991499;5;2;1;0;12;0;2;0;2;1;3;3;1;17;0;2;3;4;1
4.32362359999999;52.0021461;5;2;1;0;13;0;2;0;3;1;4;3;1;22;0;2;5;3;1
4.3270066;51.900661;2;0;0;0;0;0;0;0;0;1;0;1;0;0;0;0;0;0;0
4.327425;52.060319;4;6;8;2;6;2;11;8;1;33;35;5;5;13;19;34;2;0;9
4.3292854;52.1071436;5;0;0;0;4;0;2;0;0;2;1;0;0;1;0;2;0;0;1
4.3320378;51.9914423;5;0;1;0;12;0;3;0;6;1;1;4;2;18;0;6;1;5;2
4.33614949999999;52.036832;4.5;0;0;1;3;0;1;0;0;3;0;10;0;3;0;3;2;1;1
4.3391988;51.9997275;1;3;2;0;19;2;5;5;8;10;7;7;4;37;0;7;6;4;5
4.3491515;52.0482575;4.4;0;0;0;6;0;0;0;0;1;1;2;0;5;0;3;0;1;0
4.3492024;51.9792072;1;2;1;0;7;0;0;0;5;6;3;7;1;10;1;2;4;0;3
4.3497427;52.0482477;4;0;0;0;6;0;0;0;0;1;1;2;0;5;0;3;0;1;0
4.3500438;51.987261;5;3;1;0;11;0;1;0;7;6;4;11;1;28;2;5;4;1;5
4.3546045;51.9874342;2;3;1;0;10;0;0;0;7;8;5;10;1;22;3;5;4;0;6
4.35516209999999;51.9924499;2;8;4;0;16;2;3;11;7;23;12;8;3;20;3;16;4;3;11
4.3622292;52.0593999;5;1;1;0;5;2;0;14;3;4;10;21;1;1;3;18;1;3;2
4.362749;52.027067;4;0;1;0;12;0;3;0;0;3;2;1;0;15;0;5;0;2;0
4.3638631;52.0401742;5;1;1;0;10;0;1;2;1;3;3;0;1;5;0;6;1;1;3
4.3642518;52.0961378;4;1;0;0;33;0;2;0;0;2;1;98;2;15;0;0;4;1;1
4.3661157;51.9812038;5;1;0;0;0;0;2;0;4;2;1;0;1;4;1;2;2;4;1
4.3685638;51.9439036;5;0;0;0;5;0;0;0;0;3;1;3;1;4;0;1;2;0;2
4.3858104;52.0782056;5;1;3;1;33;0;5;4;11;11;12;111;2;10;2;17;1;1;2
4.392793;51.9833879;4.5;0;0;0;0;0;0;0;0;3;0;0;0;0;0;3;0;0;0
4.3936886;51.982502;5;0;0;0;0;0;0;0;0;3;0;0;0;0;0;3;0;0;0
4.3988319;51.9169579;3;6;3;7;4;5;14;26;2;26;17;9;2;16;23;34;5;1;12
4.4026881;51.9156410999999;5;6;3;7;4;5;14;26;2;28;17;9;3;17;22;33;4;1;11
4.41064489999999;51.9439492;4.9;0;1;0;0;0;0;0;0;1;1;0;0;0;1;0;0;0;0
4.42355;51.94464;5;1;1;0;3;2;1;1;1;5;2;1;0;1;2;2;2;0;1
4.437809;52.019775;5;2;5;0;5;2;4;11;2;4;9;3;3;1;3;7;4;1;6
4.4428961;51.9518865999999;5;0;0;0;2;1;0;0;1;0;0;0;0;4;0;2;2;0;0
4.4507646;52.0105338;5;1;1;0;3;0;0;0;3;1;1;1;1;10;0;2;5;0;1
4.45280109999999;51.9780382;4;0;0;0;2;0;0;0;0;1;0;0;0;3;0;1;2;0;2
4.4541128;51.8686246;4.5;0;0;0;0;0;0;0;0;0;0;0;0;1;0;0;0;0;0
4.45499279999999;51.9552002999999;5;0;0;0;2;0;0;0;1;1;0;1;1;2;0;2;2;0;0
4.4598536;51.8625976;4.4;1;1;0;2;0;1;0;0;0;1;0;0;1;0;0;1;1;1
4.4603261;51.8624656;3.7;1;1;0;2;0;1;0;0;1;1;0;0;1;0;0;1;1;1
4.4670591;51.9805962;5;0;0;0;5;0;0;0;0;0;1;3;0;7;0;1;2;0;1
4.4705325;51.9638265;1;1;1;0;2;1;1;0;1;2;0;1;2;1;1;3;0;0;2
4.4713854;51.9204634;5;18;18;33;22;8;67;179;1;63;36;16;5;9;31;192;12;4;20
4.47367129999999;51.8570066;5;1;1;0;6;0;0;0;0;1;1;0;0;1;0;0;1;1;1
4.480962;51.92136;1;18;21;41;7;8;74;180;2;78;38;19;5;4;33;261;9;4;23
4.4821379;51.9140421;3;12;16;30;5;9;55;144;0;60;33;16;3;3;27;210;5;1;10
4.48383;51.9194699;4.5;14;17;40;5;7;68;175;1;75;34;19;4;4;33;251;7;2;20
4.4853011;52.0002007;5;2;4;1;9;2;3;24;1;4;9;0;2;13;2;18;7;1;4
4.4872628;51.8930787;2;5;10;4;4;4;20;41;1;32;23;6;5;1;8;47;7;3;9
4.4908055;52.0503452;2;2;3;0;4;3;6;11;1;22;19;8;1;19;2;22;0;3;3
4.49490189999999;51.9244123999999;3;8;9;24;7;3;34;24;2;39;18;10;3;2;20;120;4;2;16
4.49699729999999;51.8755833;4;2;3;0;7;2;1;2;0;7;6;2;2;2;2;3;1;6;6
4.49806209999999;52.0516107;3;2;4;0;7;3;6;11;1;24;19;8;1;19;3;23;3;5;5
4.4986991;51.8465032999999;5;2;1;0;10;0;0;8;0;9;4;0;1;5;0;9;2;2;2
4.499134;51.8896326;1;5;8;3;7;2;11;41;1;34;19;6;6;2;8;31;9;5;7
4.5065212;51.8449585;1;2;1;0;6;0;0;8;0;9;4;1;1;5;0;9;1;1;2
4.5155242;51.9174055;2;3;1;1;4;3;8;7;1;10;6;1;2;1;3;20;0;1;7
4.5252359;52.0696836;3;2;2;0;0;1;0;2;0;9;9;2;2;25;2;0;3;2;3
4.52567999999999;51.91815;5;2;1;1;2;1;5;0;0;5;1;1;0;1;1;16;0;1;2
4.52920759999999;51.5488332;4.5;0;0;0;0;0;0;0;0;0;0;0;0;2;0;0;0;0;0
4.53034969999999;51.5477014;4.5;0;0;0;0;0;0;0;0;0;0;0;0;2;0;0;0;0;0
4.530808;51.89458;2.3;0;0;1;3;0;0;0;0;4;0;1;0;1;1;9;0;2;0
4.53289259999999;52.3707534;5;4;2;5;0;1;20;22;0;18;9;2;2;4;12;36;2;0;3
4.5332162;51.583077;5;4;2;0;4;1;0;5;1;2;3;1;1;2;0;3;0;3;4
4.533435;51.591294;4;4;3;0;4;1;1;5;1;2;3;1;1;5;1;5;0;0;5
4.5340601;52.3766697;1;4;2;4;1;1;21;22;0;19;9;1;2;5;12;41;2;1;3
4.5342041;51.9652465;4;0;2;0;0;0;1;0;0;0;1;2;3;0;1;1;2;0;3
4.5345945;51.9591846;1;0;2;0;0;0;0;0;0;0;1;1;3;0;1;1;3;1;4
4.53467699999999;51.877887;1;0;2;1;24;1;0;2;1;8;3;0;3;0;2;4;2;3;2
4.5372489;52.3782901;5;4;2;4;1;1;16;22;0;19;7;1;2;5;13;39;2;1;4
4.53820019999999;52.0079004;5;0;3;0;3;1;0;5;0;3;3;2;2;1;0;4;0;0;2
4.538822;52.3938906;5;0;0;0;1;0;2;0;0;2;0;0;0;0;0;2;0;0;0
4.5394439;52.039855;4;0;0;0;0;0;1;0;0;3;0;0;0;0;0;2;0;0;0
4.5421131;51.8919469;1;0;2;1;7;0;0;0;1;4;4;2;1;4;1;2;2;1;5
4.5422022;52.0747055999999;3;0;0;0;0;0;1;0;0;0;1;0;0;3;0;0;5;0;1
4.545472;51.593502;5;0;0;0;1;0;0;1;1;0;0;0;0;2;0;0;0;0;2
4.5542539;51.9333361;5;3;3;0;0;1;0;0;1;2;4;0;3;1;0;5;9;2;4
4.554378;52.417709;2;0;0;0;1;0;0;0;0;0;0;0;0;0;0;0;0;0;0
4.5563521;51.8769193;1;0;1;0;1;0;0;1;2;3;2;0;1;1;0;2;0;4;2
4.5599165;51.9248098;1;2;2;0;4;0;0;0;1;6;3;0;1;4;0;0;3;0;3
4.5882965;51.9849112;5;0;1;0;10;0;0;0;0;0;1;0;1;0;0;2;3;0;2
4.589458;52.3163791;5;1;2;0;0;0;1;0;0;1;3;0;1;1;1;5;0;0;1
4.59043439999999;51.9861961999999;4;0;1;0;4;0;0;0;0;0;1;0;1;0;0;2;0;0;2
4.59052399999999;51.8781399999999;4;0;0;0;7;0;1;0;1;1;1;3;1;1;0;1;4;4;1
4.5927393;51.9847055;5;0;1;0;4;0;0;0;0;0;1;0;1;0;0;2;3;0;2
4.5927609;52.3954612;5;0;0;0;0;0;0;0;0;0;0;0;0;0;1;2;0;0;0
4.59323829999999;51.9858172;5;0;1;0;4;0;0;0;0;0;1;0;1;0;0;0;0;0;2
4.5936007;52.4956001;3;0;0;0;0;0;4;0;0;2;1;0;0;0;2;10;1;0;1
4.6008575;51.8629629;5;0;4;0;4;2;1;4;2;0;0;6;2;5;0;3;2;0;5
4.610088;51.81895;5;1;1;0;0;0;0;0;1;2;0;0;1;3;0;2;2;1;2
4.610697;51.8197789;2;1;1;0;0;0;0;0;1;2;0;2;1;3;0;2;2;2;2
4.61354629999999;51.8310561;3;0;0;0;0;0;0;0;0;1;0;5;0;1;0;0;0;2;0
4.6180898;51.8348464;4;0;0;0;0;0;0;0;0;1;0;4;0;0;0;0;0;1;0
4.619548;52.335656;5;0;1;0;2;0;3;1;0;1;2;2;0;0;0;2;0;1;1
4.62000799999999;51.836003;4.5;0;0;0;0;0;0;0;0;1;0;4;0;0;0;1;0;1;0
4.627065;52.340807;1;0;1;0;8;0;5;3;0;3;3;0;1;2;1;10;0;1;0
4.6272072;52.3593845;5;1;3;0;4;2;3;23;1;7;5;0;2;3;1;4;0;2;3
4.6272186;52.4564284999999;4;2;0;0;9;1;2;0;0;1;0;0;0;1;0;2;9;1;2
4.62931539999999;52.3764119999999;5;2;11;8;62;7;48;131;5;32;29;10;4;2;36;104;3;0;11
4.632123;52.2747391;4;1;1;0;5;2;0;1;1;3;3;2;2;15;0;2;0;1;2
4.63388;51.567718;3;2;7;0;39;2;7;39;0;8;10;4;2;4;6;23;2;1;5
4.6344694;52.3863707999999;1;7;13;7;61;11;44;120;6;35;30;4;3;1;33;103;4;1;10
4.6358483;52.4779197;5;0;0;0;0;0;0;0;0;0;1;1;1;0;0;2;0;0;1
4.6409562;52.4329956;5;1;3;0;0;2;4;5;1;1;2;0;1;0;0;9;0;2;1
4.642086;51.7736329;5;0;0;0;0;0;0;0;0;1;0;4;0;1;0;1;0;0;0
4.6421568;52.3772592;4;5;12;8;36;8;48;135;3;35;31;5;3;1;31;108;3;0;12
4.64336599999999;52.3768746999999;4;4;12;8;34;8;46;133;3;33;30;5;3;1;29;102;2;0;11
4.6434375;52.3640072;5;1;4;0;15;1;3;6;0;1;5;0;0;4;0;3;0;5;8
4.6459212;52.3827552;1;8;9;7;29;7;37;110;3;37;27;4;3;0;28;101;3;2;9
4.6482402;52.028147;5;0;0;0;2;0;0;0;1;1;0;1;0;1;0;1;2;0;0
4.64858869999999;52.3139763;5;0;1;0;10;0;0;3;1;3;2;0;1;32;0;2;3;0;2
4.649789;52.319643;3;0;1;0;9;0;0;2;2;2;1;0;1;20;0;0;0;0;2
4.651282;52.528661;5;0;0;0;1;0;1;0;0;0;0;0;0;0;0;0;0;0;0
4.6518457;52.4316763;5;2;5;0;0;3;4;7;1;3;5;0;1;2;0;9;0;3;3
4.6521956;51.77377;3;0;0;0;0;0;0;0;0;1;0;4;0;2;0;0;0;1;0
4.6522194;52.4160184;5;1;1;0;0;1;0;0;0;7;2;0;1;1;1;8;2;0;4
4.65234399999999;52.366516;5;2;4;0;14;1;3;6;0;4;5;2;0;6;0;3;2;4;9
4.6526786;52.6186469;4;1;1;0;1;0;0;0;0;2;0;4;0;0;1;4;0;0;1
4.6547314;52.0452072999999;5;0;2;0;1;1;2;11;0;13;9;5;2;5;2;10;4;0;6
4.6553841;52.4384394;5;1;3;0;0;1;3;2;0;2;3;0;0;1;0;3;0;0;3
4.6560478;52.3591738;1;3;5;0;20;1;3;6;0;6;8;8;1;5;0;4;4;7;9
4.6562899;52.6202863;4;1;1;0;1;0;0;0;0;2;0;3;0;0;1;3;0;0;1
4.657108;51.813498;5;2;3;4;6;8;12;28;0;12;6;7;2;0;6;40;7;0;5
4.6571452;52.3229568999999;4;0;1;0;10;0;0;2;1;2;1;0;1;20;0;1;0;0;2
4.65755;52.4757186999999;4;0;5;6;2;2;9;25;2;18;11;2;2;1;4;19;0;1;5
4.6585055;52.4295035;5;2;3;0;0;3;2;7;0;3;4;0;0;2;0;6;0;1;2
4.6599135;52.4318402;5;1;2;0;0;1;0;3;0;2;3;0;0;2;0;1;0;1;2
4.6603061;52.4769464;5;2;7;6;2;2;13;26;2;20;13;1;1;1;4;20;0;1;7
4.66166189999999;52.3851339;4.4;2;2;0;4;0;3;1;0;3;2;1;0;1;1;5;1;1;3
4.6617468;51.8154690999999;3;4;2;3;5;9;11;28;0;12;6;8;2;0;7;46;7;0;5
4.66195419999999;52.4302889;5;1;2;0;0;1;0;2;0;2;3;0;0;2;0;2;0;1;2
4.6629364;52.4300565;5;1;2;0;0;1;0;2;0;2;3;0;0;2;0;2;0;1;2
4.662954;51.868236;5;3;2;1;1;1;3;14;1;3;4;0;1;7;0;4;0;0;4
4.663634;51.794326;4;4;2;0;3;0;0;1;6;2;5;2;3;3;0;6;15;6;6
4.6638769;52.5086826999999;1;1;6;0;1;2;6;18;2;9;11;0;1;0;4;10;5;2;7
4.6642342;52.4321231;5;1;2;0;0;1;0;2;0;2;3;0;0;2;0;1;0;0;2
4.6644854;52.4314458;5;1;2;0;0;1;0;2;0;2;3;0;0;2;0;2;0;0;2
4.6656542;52.4274087999999;5;1;2;0;0;1;0;2;0;2;3;0;0;1;0;2;0;0;2
4.6665515;52.4831917;5;3;7;7;1;2;15;26;2;22;14;0;1;1;7;19;2;2;8
4.66789;51.572472;3;0;0;0;2;0;0;0;0;1;0;1;0;0;0;1;1;3;0
4.6695719;52.385988;5;2;0;0;2;0;3;0;0;1;0;0;0;1;0;4;0;1;1
4.6705255;51.7821509;4;2;1;0;4;1;1;5;3;3;2;7;2;5;0;2;12;1;3
4.6722071;51.8662467;5;1;0;1;1;1;0;6;1;2;4;0;1;4;0;3;0;0;3
4.67248;51.8556529;1;0;0;0;2;0;0;0;0;0;1;1;0;1;0;0;0;0;0
4.67802;52.409506;5;0;0;0;1;0;2;0;0;0;1;1;0;1;2;3;0;1;1
4.6788732;51.7869104;1;2;1;0;9;2;1;5;5;1;1;8;4;3;0;3;12;6;2
4.6798253;51.8507377;4.3;0;0;0;1;0;0;0;0;0;0;5;0;0;0;0;0;0;0
4.67989599999999;52.517593;2;1;5;0;1;1;1;9;1;3;6;0;2;0;2;4;5;1;1
4.6802651;51.8499717;5;0;0;0;1;0;0;0;0;0;0;6;0;0;0;0;0;0;0
4.6819582;52.3454428;2;0;1;0;1;0;0;0;1;0;2;2;1;6;0;4;0;0;1
4.68259699999999;51.8276155;4;0;2;0;1;2;2;19;0;5;5;6;2;3;1;7;1;1;3
4.6836266;52.5217117;3;0;0;0;0;0;0;0;1;0;0;0;1;0;0;0;4;1;0
4.6843199;52.3456187;3;0;1;0;1;0;0;0;1;0;1;1;1;6;0;4;0;0;1
4.684369;51.8018143;3;1;3;0;9;0;0;0;0;4;7;5;1;2;0;5;12;8;4
4.6851261;52.2914434;4;0;0;0;3;0;1;0;0;1;0;0;0;8;0;0;0;0;1
4.685379;51.8320719;5;1;2;0;2;2;2;19;1;5;6;10;3;4;2;5;1;2;4
4.6865692;52.3106729;4;1;2;3;6;2;3;23;1;7;11;2;0;6;0;24;0;1;6
4.6866422;52.6051341;1;2;1;0;0;0;0;0;0;1;1;2;0;1;0;1;4;1;2
4.687536;52.2614449999999;5;0;0;0;0;0;2;1;0;4;0;0;0;0;0;4;0;0;0
4.6883358;52.4977989;1;1;1;0;3;0;0;2;2;6;5;1;3;0;1;3;7;4;3
4.6892122;52.4884059;4;1;0;0;7;0;0;0;2;4;2;0;2;0;1;2;4;1;3
4.691014;52.4968809999999;5;1;1;0;5;0;0;2;2;6;5;1;3;0;1;4;6;4;3
4.6931324;52.4967964;5;0;0;0;4;0;0;0;2;3;2;1;2;0;1;3;5;1;2
4.6969458;52.6781000999999;5;1;0;0;2;2;2;17;0;2;2;6;0;1;1;17;1;0;3
4.6987918;52.4986196;4.1;0;0;0;2;0;0;0;2;3;2;1;1;0;1;3;1;0;1
4.70166249999999;51.8369046;5;0;1;0;0;0;0;0;2;2;1;8;2;3;1;2;1;5;1
4.7021771;52.6606065;5;0;2;0;0;0;0;10;0;0;1;1;0;1;3;5;1;0;1
4.702202;51.8280249;5;0;1;0;1;0;0;0;0;3;2;7;1;3;0;2;0;3;1
4.7029809;52.5007005;4.5;0;0;0;2;0;0;0;0;1;0;1;0;0;0;1;1;0;0
4.7051994;51.5954925;4;0;1;0;0;1;0;0;0;0;0;0;1;4;1;1;0;0;1
4.7094463;51.8178953;5;0;0;0;1;0;1;0;0;2;0;1;0;6;1;1;0;0;3
4.7149228;52.2924675999999;4;0;0;0;0;0;1;0;0;1;0;3;0;0;0;9;0;0;0
4.715902;51.8354329999999;5;0;1;0;0;0;0;0;0;1;0;5;0;4;0;1;3;3;1
4.7166941;51.6142003;5;0;1;0;1;1;0;0;0;4;1;1;0;1;0;1;0;0;1
4.71802;52.899423;5;0;0;0;1;0;0;0;0;0;0;0;0;0;0;6;0;1;0
4.7183033;52.8966624;3;0;0;0;1;0;0;0;0;0;0;0;0;2;0;7;0;1;0
4.7191675;52.6626716;4;0;1;0;0;0;0;0;0;0;0;1;0;2;0;0;0;0;1
4.7193594;51.8004121;5;1;3;0;0;1;0;2;2;4;4;1;1;3;0;4;1;2;4
4.7201923;52.8968859;1;0;0;0;1;0;0;0;0;0;0;0;0;2;0;7;0;1;0
4.722741;52.547541;3.9;0;0;0;0;0;1;0;0;0;0;0;0;0;0;1;0;0;0
4.728394;51.580551;4.2;1;2;0;3;1;2;1;0;5;1;6;1;4;0;6;0;0;2
4.7287852;52.8933226;5;0;0;0;0;0;0;0;0;0;0;1;0;4;0;5;2;1;0
4.7295532;51.6233426999999;5;2;1;0;0;0;0;3;0;0;1;1;1;1;0;0;2;0;4
4.729835;51.5775364;4.5;1;2;0;3;1;3;1;1;5;1;4;1;5;0;5;0;0;2
4.73050449999999;51.5823632;4.6;1;2;0;3;1;2;1;0;5;1;6;1;3;0;6;0;0;2
4.7327867;52.8845976;1;1;1;0;3;1;0;2;0;0;1;4;0;2;0;1;5;0;1
4.73356049999999;51.5733004;5;1;3;0;3;1;4;1;1;3;1;4;2;6;0;6;0;0;2
4.7402498;51.8286303;5;0;0;0;2;0;0;0;1;3;0;7;1;4;0;1;2;0;1
4.74463;51.901523;3;0;0;0;0;0;0;0;0;1;1;0;0;0;1;1;0;0;1
4.7466056;52.4747047;4;1;0;1;0;0;0;0;0;0;0;0;0;2;0;1;2;0;2
4.74707;51.618219;1;2;1;0;0;0;0;3;0;2;2;2;1;1;0;2;1;0;5
4.7491462;52.2663271;5;1;4;1;0;3;1;14;3;9;16;0;2;0;1;17;1;0;5
4.7492785;51.6171556;5;2;1;0;0;0;0;3;0;2;2;0;0;1;0;2;1;0;5
4.7494249;52.499312;3;0;1;0;2;0;1;0;1;0;2;0;1;0;0;7;10;1;4
4.7537964;52.2803538;5;0;0;0;0;0;0;0;0;0;0;2;0;0;0;1;0;0;0
4.7549187;52.6303878;5;7;7;5;4;10;28;123;1;26;45;5;1;3;24;95;2;0;5
4.7550968;52.8841903999999;1;0;0;0;2;0;0;0;0;0;0;2;0;1;0;1;3;0;0
4.756646;52.4835968;1;1;2;0;0;1;0;1;0;2;2;0;2;0;0;1;3;0;3
4.757784;52.6632694;2;2;4;0;2;2;0;10;1;7;4;19;1;8;0;3;3;0;8
4.761786;52.956759;5;4;2;7;0;1;8;26;1;18;17;0;2;4;5;25;2;0;4
4.765333;51.577248;5;1;9;1;45;0;6;21;0;7;10;1;2;1;5;19;5;1;6
4.76713999999999;51.8223;5;2;4;0;0;2;0;19;0;11;4;6;0;1;4;7;4;1;4
4.768193;52.6626215;5;0;1;0;0;0;0;0;1;1;1;7;1;8;0;0;4;0;1
4.772447;51.820449;3;2;4;0;0;2;0;19;1;11;4;5;1;0;4;7;2;1;3
4.773582;52.3559924;5;0;1;0;11;0;2;4;0;4;0;4;0;3;0;6;2;0;1
4.7745825;52.9569349;4;3;2;7;3;1;7;25;0;15;12;1;1;1;4;26;1;0;4
4.7790753;52.3918194;5;0;0;0;0;0;0;0;0;0;0;1;0;1;0;1;0;0;0
4.7793665;52.9321415999999;5;1;1;0;0;1;1;0;1;1;1;0;0;1;1;1;0;1;3
4.7826089;52.287059;4.8;0;0;1;0;0;0;0;0;1;1;1;0;0;0;1;0;1;0
4.78287;51.678;5;0;1;0;0;0;1;4;0;1;0;3;1;1;2;6;1;0;2
4.7866;51.825426;3.8;2;4;0;2;2;0;3;1;7;2;1;1;0;1;3;2;3;4
4.788988;52.356617;5;4;9;1;55;1;5;6;2;15;6;4;3;3;0;16;4;0;10
4.791586;51.678372;5;0;1;0;0;0;1;4;1;1;0;4;1;1;2;6;1;0;4
4.7927379;52.9157446;5;0;0;0;0;0;0;0;0;1;0;0;0;0;0;0;0;0;0
4.7941321;52.3514855;5;3;7;1;56;1;3;3;1;10;6;5;2;1;1;14;5;0;8
4.794903;52.353578;4;5;10;1;69;1;6;6;2;15;7;7;4;3;0;16;4;0;13
4.79493709999999;52.2749734999999;5;1;1;0;0;0;2;1;0;3;5;0;1;0;0;1;2;1;4
4.7958288;52.3582863;1;4;11;1;77;1;7;12;2;18;6;8;3;3;0;21;3;1;12
4.796208;51.6814879999999;4;0;1;0;0;0;1;4;1;1;0;4;1;1;2;6;1;0;3
4.797257;51.54928;3;0;0;0;1;0;0;0;0;2;0;0;1;1;1;3;2;0;2
4.7980288;51.8204703;5;0;0;0;2;0;0;0;1;3;0;0;1;0;0;1;2;2;1
4.798629;52.277243;4;1;1;0;0;0;2;1;0;2;5;0;1;0;0;2;2;1;4
4.800934;51.610131;1;0;2;0;1;0;1;11;1;2;3;0;1;1;0;3;2;0;3
4.80124929999999;52.3740728999999;4;0;1;0;2;0;0;0;0;5;0;1;1;1;0;2;0;1;5
4.80178709999999;52.3520926;4;5;9;1;93;3;4;8;3;21;10;8;4;2;1;18;4;1;12
4.805407;52.348689;1;1;1;0;54;2;0;0;5;11;5;5;3;4;2;8;3;1;6
4.8056943;51.5674874;3;3;5;0;0;2;1;3;0;3;3;2;2;0;0;2;2;0;4
4.806174;52.366515;1;3;8;0;26;1;4;8;1;9;2;3;2;0;0;9;0;4;7
4.80659869999999;51.7078196999999;5;0;0;0;0;0;0;0;0;1;0;1;0;0;3;8;1;0;1
4.8099253;52.6452354;1;0;1;0;0;0;1;0;1;0;1;3;0;2;0;2;0;0;2
4.8105589;52.373779;5;2;1;0;2;0;0;0;0;6;1;1;2;2;1;5;0;1;6
4.8132904;52.2773437;5;1;0;0;0;0;0;0;0;0;2;0;0;4;0;1;6;0;1
4.81687999999999;52.4515839;5;0;2;0;1;0;3;0;2;6;3;4;2;8;1;5;5;3;2
4.816897;52.2536889999999;4;0;1;0;0;0;0;0;0;1;0;0;0;15;0;0;1;0;1
4.8175896;52.4611041999999;4.3;0;2;0;1;0;0;0;0;2;2;0;0;1;0;5;1;3;2
4.8206172;52.311706;1;1;0;0;1;0;4;0;0;1;0;4;0;0;0;2;0;0;0
4.8220768;52.4379451;4;1;5;0;6;4;7;30;1;13;2;8;2;3;9;38;6;1;7
4.82278109999999;52.6508238;1;2;0;0;0;0;0;1;1;3;1;4;1;3;0;0;4;0;3
4.8228522;52.6408482;4;0;0;0;0;0;0;0;0;1;0;0;1;4;0;1;2;0;0
4.8250218;52.662982;5;5;2;0;4;4;3;33;0;10;5;6;1;2;0;14;2;0;4
4.8252372;52.6644229;4;4;2;0;4;4;3;32;0;9;4;4;1;2;0;14;1;0;3
4.8273701;51.58285;4;1;1;0;2;1;0;0;0;2;2;1;1;1;0;3;1;2;2
4.82887919999999;52.3810327;4;4;5;0;25;0;4;17;2;14;7;1;3;2;1;15;2;0;5
4.8306418;52.3924174;5;0;1;1;12;1;1;0;0;3;0;1;0;0;0;5;0;0;2
4.8317159;51.6305714;5;0;0;0;0;0;0;0;0;1;0;3;0;6;0;5;0;0;1
4.8319713;52.2742106;4;1;1;0;0;1;0;1;0;3;2;1;0;5;0;4;4;1;3
4.8338128;51.5803804;1;0;0;0;2;0;0;0;0;1;0;0;0;0;0;3;0;1;0
4.8390887;52.6496395;3;1;0;0;0;0;0;0;0;1;0;1;1;3;0;1;4;0;2
4.8408779;52.2848659;4;1;1;1;3;0;0;1;0;3;5;1;0;3;0;7;1;7;2
4.8414759;52.402488;4;0;0;1;2;0;1;0;0;0;0;0;0;0;0;0;0;0;1
4.84340679999999;52.3437266;5;2;3;0;145;0;7;3;0;9;5;8;2;1;2;20;2;3;5
4.84505119999999;52.4475130999999;1;2;3;0;0;0;1;0;0;1;3;2;1;2;0;2;2;2;4
4.8451301;52.3451621;4;3;3;3;145;0;11;3;0;11;7;9;2;2;3;26;3;4;9
4.8456918;52.3423082;5;2;1;1;138;0;5;1;0;7;4;7;1;1;2;16;2;4;5
4.84589839999999;52.3398733;5;0;1;1;125;0;5;0;0;4;0;6;0;0;1;10;1;4;2
4.8480325;52.3355113;1;1;0;0;45;0;2;0;0;1;0;7;0;0;0;5;0;3;0
4.8492846;52.3910774;5;0;1;1;6;1;2;0;0;7;0;1;1;0;1;6;1;1;3
4.8537908;52.3922713;5;0;0;0;0;0;2;0;0;4;0;0;1;0;1;1;1;1;1
4.8550707;52.3450374;4;2;5;4;109;3;13;4;0;15;6;5;3;2;6;42;5;3;11
4.8572111;51.6121673;4.8;0;0;0;0;0;0;0;0;0;0;2;0;3;0;2;1;0;0
4.8586026;52.3084084;5;5;4;0;3;2;7;46;2;20;11;2;1;2;2;21;2;0;7
4.8590841;51.5928518;1;1;1;0;0;0;0;0;1;1;2;0;0;0;1;2;0;0;1
4.862081;52.3138249999999;5;2;2;0;0;2;1;6;2;21;13;2;2;1;1;13;2;1;7
4.86208559999999;52.2911006;5;5;3;0;2;1;1;1;2;9;7;3;2;4;1;9;2;5;6
4.86917;52.302553;4;4;2;0;6;1;7;44;3;16;3;1;1;4;2;15;0;1;7
4.869871;51.626573;4.6;2;3;0;2;1;0;2;0;3;1;0;1;2;0;10;0;0;6
4.8701514;51.6267709;4.1;2;3;0;2;1;0;2;0;4;1;0;1;2;0;10;0;0;6
4.8745062;52.3125693;3.5;2;1;0;1;3;2;1;3;17;8;4;3;4;0;10;0;2;8
4.8754326;51.6889119999999;5;3;3;0;0;1;0;2;0;1;0;1;1;0;2;6;1;0;3
4.8762573;52.3122348;1;2;1;0;1;3;2;1;3;16;8;4;3;4;0;10;0;2;8
4.881101;52.3214474;2.5;2;2;0;0;3;2;1;1;10;6;8;1;2;0;12;3;1;5
4.8828831;52.3058385999999;1;1;1;0;4;1;1;0;0;13;5;1;2;3;0;8;0;5;8
4.8863391;52.3349975;1;3;2;2;4;2;12;9;1;5;3;7;2;5;0;20;4;3;7
4.8864122;52.3276040999999;3;3;3;0;3;1;6;8;2;3;4;5;3;5;0;12;5;1;6
4.887499;51.6117066;5;0;0;0;0;0;0;0;0;0;0;0;0;0;0;1;0;0;0
4.888774;52.3281019999999;5;3;3;0;3;1;7;8;1;3;4;6;2;5;0;12;5;1;5
4.8917448;52.3751201;5;33;34;87;32;30;189;297;5;161;46;5;5;5;146;440;6;3;19
4.89438;52.37273;5;37;34;88;57;32;201;313;2;164;45;8;4;6;158;484;3;2;22
4.8950641;52.3693513;4;28;30;92;60;29;192;319;3;162;47;5;5;7;171;538;4;4;20
4.904311;52.426827;3;2;1;0;18;1;3;6;3;2;4;0;1;4;3;14;2;8;3
4.9125816;52.4169565;2.8;2;1;0;1;0;1;0;1;0;0;1;1;5;1;1;0;4;2
4.912942;51.554715;5;0;0;0;0;0;0;0;0;2;0;1;0;0;0;1;0;0;0
4.91821099999999;52.337109;4;0;1;1;7;0;2;1;1;5;1;7;0;4;1;4;1;5;2
4.9220701;51.5929659;5;2;2;0;0;1;0;7;1;6;8;0;2;4;1;8;2;1;5
4.923462;52.388965;2;2;7;1;2;1;7;1;0;13;5;3;2;6;7;18;1;2;6
4.92446299999999;52.327656;5;0;0;0;3;1;0;0;0;4;0;1;0;0;0;0;0;0;2
4.927293;52.3230219999999;3;0;0;0;4;1;0;0;0;3;0;0;0;1;0;1;0;0;2
4.9290756;52.3343836;3.3;1;0;0;4;0;0;0;0;4;3;2;0;2;0;3;1;1;3
4.9308382;51.6312676;5;0;0;0;0;0;0;0;1;3;2;2;2;0;2;2;2;1;3
4.9317852;52.494481;5;0;0;0;4;0;0;1;0;0;0;0;1;5;0;1;0;0;2
4.932214;52.3994718;4;1;1;0;17;2;6;16;3;18;6;3;1;8;2;11;2;2;7
4.9328558;52.4033151999999;5;1;0;0;18;2;4;15;3;17;6;3;1;8;2;11;2;0;7
4.9343426;52.4025927;5;1;0;0;18;2;4;15;3;17;6;3;1;7;2;11;2;0;7
4.93661009999999;51.5781129999999;3;0;0;0;0;0;0;1;0;0;0;0;0;0;1;2;0;0;0
4.9367917;52.5036982;1;1;2;0;4;3;4;7;0;5;1;3;1;4;3;6;0;0;3
4.93745;52.4009979999999;5;1;0;0;17;2;4;15;2;17;6;1;1;8;2;11;2;0;7
4.93806069999999;52.3388463;4;1;0;0;22;0;2;0;1;2;5;0;0;1;0;4;0;1;1
4.9385996;52.489992;5;0;0;0;4;0;0;1;0;1;0;0;1;1;0;1;0;0;2
4.940687;51.6351802999999;5;0;0;0;0;0;0;0;1;1;0;4;2;3;1;2;1;0;3
4.94224679999999;52.5068865;5;3;3;0;6;3;10;6;0;9;3;3;1;3;6;17;0;0;4
4.9424303;51.6344767999999;3;0;0;0;0;1;0;1;1;1;0;4;2;3;1;3;1;0;3
4.9437324;51.659701;1;1;0;0;0;0;0;1;0;0;0;0;0;0;0;0;1;0;1
4.944491;52.365525;5;2;12;4;4;1;8;7;1;7;21;3;2;13;5;24;5;1;16
4.944561;52.364884;3;2;12;5;4;1;9;7;1;7;20;3;2;11;5;24;5;1;15
4.945841;51.552735;1;0;1;0;0;0;0;0;0;1;0;2;1;1;1;2;0;0;0
4.946377;51.690805;5;1;0;0;0;0;2;0;0;0;0;0;1;1;0;0;0;0;1
4.948179;52.368747;5;0;5;3;3;2;7;3;0;6;13;4;1;10;4;17;5;1;8
4.9507123;51.6319333;5;0;0;0;0;1;1;7;1;2;1;4;1;3;2;4;3;0;3
4.9523544;52.4938779;5;1;0;0;0;0;0;0;0;1;0;0;1;1;0;0;0;0;3
4.9589783;52.5098038;1;4;3;0;10;3;11;6;0;11;2;2;1;2;6;21;1;1;8
4.959994;52.2548109;1;0;0;0;1;0;0;0;0;0;0;0;0;1;0;1;0;0;0
4.96281;51.64418;1;0;0;0;0;0;0;0;0;1;0;0;0;0;1;0;0;0;0
4.96788199999999;52.4942619;4;1;1;0;0;0;0;0;0;0;1;0;2;2;0;0;0;0;3
4.9691486;52.2704229;1;0;3;0;1;1;1;1;0;4;2;1;0;4;1;6;1;0;2
4.970103;52.2976834;5;4;2;1;5;2;2;0;1;3;1;1;1;3;0;5;6;0;6
4.97093829999999;52.3524993;5;1;1;0;2;0;1;1;0;0;0;1;1;0;0;1;0;0;1
4.972328;52.292535;4;2;1;1;4;2;0;0;1;3;1;0;1;2;0;2;6;0;3
4.97319209999999;52.3541684;3;1;1;0;1;0;0;1;0;0;0;1;1;0;0;2;1;0;1
4.97339099999999;52.2392759;5;0;0;0;0;0;0;0;0;0;0;0;0;0;0;2;0;0;0
4.9761096;52.2678638;3;0;3;0;1;1;1;1;0;4;2;1;0;4;1;6;1;0;2
4.97750419999999;52.3631799;4.4;0;0;0;1;1;0;0;0;0;1;1;0;0;0;5;3;0;1
4.9788584;51.5701125999999;5;0;0;0;0;0;0;0;1;0;1;0;1;2;0;1;4;0;0
4.9791753;51.5739382999999;4;0;0;0;0;0;0;0;1;0;1;1;1;3;0;0;4;0;0
4.9881517;51.5706862;1;0;0;0;0;0;0;0;0;0;0;1;2;2;0;5;4;0;0
4.99733999999999;51.5898;5;0;0;0;0;0;0;0;0;0;0;1;0;3;0;1;2;2;0
5.02339799999999;52.319426;5;0;0;0;0;0;0;0;0;0;0;0;0;0;0;0;1;4;0
5.028913;52.711777;4.5;0;0;0;0;0;0;0;0;0;0;1;0;0;0;0;0;0;0
5.03292999999999;52.4873509;4;0;0;0;1;0;0;0;0;0;0;0;0;0;0;1;0;0;0
5.0338639;52.6480214;2;1;0;0;1;0;1;1;0;0;0;0;0;0;0;1;3;2;0
5.035393;51.5425629999999;2.5;0;0;0;0;0;0;2;0;1;0;1;1;0;0;1;2;1;3
5.0376085;52.4493006;3;1;1;0;6;0;1;0;0;1;1;1;1;1;1;2;1;3;2
5.0389792;51.6474848;5;2;0;3;0;0;8;0;0;16;0;1;0;9;0;11;0;0;0
5.03961149999999;51.6542158;1;3;2;3;1;1;11;5;1;13;0;5;2;5;0;17;0;0;5
5.0416609;51.6495457;5;3;0;3;0;0;15;0;0;18;0;1;0;9;0;17;0;0;1
5.0471254;52.2612266999999;4;1;1;1;2;0;0;1;0;1;0;3;1;2;1;2;0;0;1
5.047311;52.514838;5;1;3;0;1;1;3;1;0;1;3;0;0;5;3;6;1;1;2
5.0481774;52.6459528;3;2;6;0;10;3;8;68;1;9;36;0;1;0;11;39;6;1;9
5.0495127;52.6448938;4;2;7;0;10;4;8;70;1;9;42;0;1;0;20;55;7;1;9
5.0501939;52.0993402999999;1;1;1;0;8;1;3;5;4;4;5;16;3;10;0;10;0;0;4
5.05389989999999;52.6478589;3;2;7;0;9;4;8;68;1;9;40;0;1;0;16;46;8;2;9
5.0541355;51.5738238;4;3;2;0;3;2;0;0;0;2;0;1;4;0;0;1;1;0;3
5.0545198;52.646363;4;2;7;0;9;5;8;70;2;9;42;0;1;1;21;59;8;2;9
5.0573875;51.5755399;1;3;2;0;2;2;0;0;0;1;0;1;4;0;0;0;1;0;3
5.0575;51.5147;5;1;1;1;0;0;2;6;1;4;2;1;0;0;2;5;0;1;1
5.0588888;52.4954575;4;1;1;0;0;0;0;4;0;6;2;1;0;33;0;2;2;0;3
5.0623853;52.0938798;4;1;1;0;12;1;5;17;3;7;5;14;2;7;0;14;2;2;3
5.063794;52.0898856;5;1;1;0;9;1;5;17;2;7;5;3;2;7;0;13;4;1;3
5.0667335;51.6279567;1;1;0;0;0;0;0;0;0;1;0;0;1;1;0;1;1;0;1
5.06798439999999;52.6529159;5;0;1;0;0;1;0;0;4;0;2;0;0;2;0;4;7;4;2
5.069535;51.540275;4;1;2;0;4;0;0;3;5;2;0;2;1;0;0;4;2;1;1
5.0700878;52.1201526;5;0;0;0;1;0;1;0;0;1;0;1;0;0;0;3;3;4;2
5.0710593;52.1209261;1;0;0;0;1;0;1;0;0;1;0;1;0;0;0;2;3;4;2
5.0721339;52.495455;2;2;3;3;0;1;1;7;0;5;3;1;0;24;0;13;2;0;2
5.07288469999999;52.3278934999999;1;0;1;0;6;0;0;1;0;1;2;1;0;3;3;7;0;0;1
5.07644;52.119466;5;0;0;0;3;0;1;0;1;2;0;0;1;1;0;5;4;8;2
5.0779454;52.3201265999999;4.3;0;0;0;0;0;0;0;0;0;0;0;0;1;0;0;0;0;0
5.07926499999999;52.333054;4;0;1;0;7;0;0;1;0;1;2;1;0;3;3;6;0;0;1
5.080725;52.118725;1;1;1;0;4;1;0;1;3;3;4;0;2;1;0;5;4;6;4
5.083667;52.3217189999999;3.8;0;0;0;0;0;0;0;0;0;0;0;0;1;0;0;0;0;0
5.0842605;52.3221856;4.6;0;0;0;0;0;0;0;0;0;0;0;0;1;0;0;0;0;0
5.086993;52.0475416;5;2;2;0;7;2;0;2;0;5;2;6;0;20;0;2;6;2;4
5.091795;52.0704629;1.5;4;3;0;52;0;5;7;2;6;3;0;1;3;0;11;6;1;6
5.0920548;52.0430637;3;1;0;0;12;0;0;0;0;7;2;13;0;14;0;5;4;2;2
5.09510029999999;51.5510999;3;3;12;6;23;2;14;31;1;17;13;3;2;5;37;50;0;1;6
5.0967604;52.1208955;5;2;3;0;2;1;0;2;3;2;2;0;2;1;0;4;8;7;5
5.0974259;52.0724019;5;4;3;1;49;0;6;8;2;9;5;2;1;3;1;15;9;6;6
5.09785189999999;51.5527813;3;3;10;4;14;1;12;27;1;16;11;3;2;6;37;50;0;1;5
5.0981238;52.0866106999999;4;8;7;2;59;2;12;9;2;22;11;10;2;2;5;51;6;6;12
5.098344;52.0504745;3;0;0;0;5;0;0;0;0;1;1;3;0;7;0;1;1;1;1
5.0999683;51.694436;5;0;0;0;0;0;0;0;0;1;0;0;0;0;0;0;0;0;0
5.10183749999999;52.0818569;5;8;1;2;55;0;8;13;3;11;12;11;0;1;2;28;7;6;6
5.103915;52.057509;1;0;0;0;2;0;1;0;0;1;1;4;0;5;0;3;1;5;0
5.107764;52.0891517;4.5;15;11;21;69;19;52;194;3;67;34;17;3;6;32;176;8;7;19
5.11006429999999;51.5442958;1.5;0;2;0;1;0;1;0;0;1;0;1;1;0;1;1;1;0;3
5.1117336;51.5432208;5;0;0;0;1;0;0;0;0;0;0;1;1;0;0;0;1;0;1
5.1118898;51.5431883;4.7;0;0;0;1;0;0;0;0;0;0;1;1;0;0;0;1;0;1
5.1156004;52.3236096;4;0;1;0;0;0;0;0;0;1;0;2;0;1;0;2;1;3;1
5.11589699999999;52.6975829999999;3;0;0;0;0;0;0;2;0;0;0;0;0;0;0;0;0;0;2
5.11656459999999;51.5233372999999;5;0;0;1;1;0;0;0;0;2;0;1;0;0;0;2;0;1;1
5.11690859999999;52.1159964;4;4;3;0;26;2;5;22;4;11;4;3;3;0;1;4;9;6;7
5.11782419999999;52.0632783;3;0;2;0;4;0;1;1;4;8;4;7;0;14;1;8;6;7;1
5.1199199;51.518158;2.5;0;0;1;1;0;0;0;0;2;0;1;0;0;0;1;0;1;1
5.1222726;52.0499124;3.9;0;0;0;3;0;0;0;0;1;1;6;0;0;0;2;0;1;0
5.12390679999999;52.3225537;2;0;1;0;0;0;0;0;0;1;0;1;0;1;0;1;1;1;1
5.124628;52.118187;5;2;2;0;13;0;1;6;2;6;4;3;0;0;0;7;7;3;3
5.1308265;52.0883885;5;2;8;17;14;18;54;138;10;52;30;3;6;7;41;140;14;10;15
5.13573;51.6783326;1;1;4;0;0;1;1;5;1;2;1;16;0;6;1;5;0;0;4
5.137938;51.5753965;5;0;3;0;0;0;0;0;0;2;5;4;0;9;0;2;1;0;0
5.1438539;52.3415887;4;1;1;0;0;0;1;0;0;6;1;0;1;2;0;8;1;2;3
5.1439921;52.0415697;4;0;0;0;7;0;0;0;0;0;0;4;0;1;0;2;0;0;1
5.1443203;52.0495305;1;0;0;0;1;0;1;0;0;0;0;2;0;0;0;1;0;0;0
5.1444354;52.2207118;1;2;2;0;5;0;2;5;1;3;2;0;0;4;1;3;2;1;3
5.1459545;52.041039;5;0;0;0;7;0;0;0;0;0;0;4;0;6;0;2;0;0;1
5.1530049;52.2147672;5;2;3;1;8;0;3;11;1;10;9;0;1;4;2;6;3;0;5
5.15344429999999;52.3464845;5;1;1;0;0;0;1;0;0;5;1;0;1;0;0;4;1;2;1
5.1616347;51.6978604;2.3;0;0;0;1;0;1;0;0;0;0;10;0;0;0;0;0;1;0
5.16504;52.0820079999999;5;1;0;1;15;0;8;0;1;2;0;2;0;1;0;4;1;3;0
5.1678617;52.2112893;5;1;3;1;0;1;1;18;1;14;9;1;2;0;1;6;7;1;3
5.1679048;52.088138;4.5;1;0;1;14;0;7;0;1;2;0;2;1;2;1;6;0;3;0
5.1693429;52.261813;4;0;0;0;3;0;1;0;0;0;1;1;0;3;0;2;0;0;2
5.1711871;52.2651161;1;0;2;0;3;0;1;0;1;3;2;1;0;3;0;2;0;4;5
5.1712283;52.1081378;1;2;1;0;0;1;1;1;0;5;0;0;0;2;0;4;2;1;3
5.1763271;52.091279;1;1;0;1;15;0;7;0;0;2;0;2;1;0;1;5;0;1;0
5.17781579999999;51.6985738;1;0;0;0;0;0;1;1;0;0;0;16;0;1;0;1;0;0;0
5.17925939999999;52.1035024;5;2;1;0;0;1;0;1;0;5;0;0;0;2;0;4;2;0;3
5.1796076;52.3711780999999;5;2;0;0;0;1;0;0;1;2;1;3;1;3;1;2;0;0;2
5.1796961;52.3703523;5;2;0;0;0;1;0;0;1;2;1;3;1;3;1;2;0;0;2
5.17999259999999;52.061003;3.7;0;1;0;9;0;1;0;0;0;0;0;0;0;0;2;0;0;0
5.18344;52.090928;5;0;0;0;8;0;2;0;0;0;0;1;1;0;1;3;0;1;0
5.18936;52.380351;5;0;0;0;3;0;0;0;0;0;1;0;0;1;0;0;0;0;1
5.1907911;52.3628321;4;1;0;0;2;1;0;0;1;2;3;3;0;0;1;1;0;2;2
5.1921767;52.1028668;5;0;0;0;1;0;1;0;0;3;0;1;0;2;0;3;0;0;1
5.193922;52.102582;3.6;0;0;0;1;0;1;0;0;1;0;1;0;1;0;3;0;0;0
5.204248;51.6891879999999;5;1;1;0;4;0;0;3;1;3;0;65;3;5;0;5;1;1;2
5.205139;52.061035;4.4;2;1;0;4;1;0;1;0;3;5;0;0;3;0;7;1;0;1
5.2056741;52.0609537;3.3;2;1;0;4;1;0;1;0;3;5;0;0;3;0;7;1;0;1
5.2073667;52.2467981;3;0;0;0;0;0;0;0;0;0;0;0;0;0;0;1;0;0;0
5.2090386;51.657974;3;0;0;0;0;0;0;0;0;0;0;2;0;0;0;1;0;0;0
5.2102474;52.3838917;4;0;0;0;2;0;1;1;0;2;1;2;0;1;0;0;0;4;1
5.2113097;52.3552163;2;0;0;0;0;0;2;0;1;1;2;2;0;4;1;1;0;0;1
5.2152956;52.7467619;4.5;0;1;0;0;0;1;0;0;1;1;1;0;1;0;2;1;1;2
5.2179715;52.6862043;1;0;1;0;0;0;0;0;0;1;1;0;0;0;0;0;2;3;1
5.2181795;52.3829416;5;2;1;0;0;1;4;4;0;12;0;3;0;1;1;0;1;4;3
5.2182689;52.3327606;5;2;1;1;13;1;4;9;0;5;7;0;1;0;3;15;0;3;3
5.2199431;52.3825465;4;2;1;0;0;1;4;5;0;13;0;3;0;1;1;0;1;4;3
5.2199861;52.0998518;3;1;0;1;0;0;1;1;0;0;0;1;1;3;0;4;1;0;3
5.221203;52.259277;3;3;4;0;0;2;2;40;0;4;10;0;2;0;3;12;0;1;2
5.222559;52.3862019;5;0;0;0;0;0;2;1;0;3;0;2;1;1;1;0;1;4;1
5.2244206;52.3848916;4;0;0;0;0;0;2;1;0;3;0;2;1;1;1;0;1;3;1
5.2249624;52.3355894;4;2;1;1;11;1;4;9;0;6;7;0;1;0;3;15;0;3;5
5.2278791;52.2472364;1;2;3;0;1;1;1;27;0;3;7;0;2;1;2;1;0;0;2
5.22806319999999;52.3858452;3;0;0;0;0;0;2;0;0;3;0;2;1;1;1;0;1;2;1
5.22834859999999;52.3467991;5;0;2;0;1;0;1;0;0;1;1;0;0;0;0;0;1;0;1
5.2300637;52.2356542;4.7;0;0;0;2;0;0;0;0;0;0;1;0;0;0;1;0;0;0
5.2304561;52.2357875;3.5;0;0;0;2;0;0;0;0;0;0;1;0;0;0;1;0;0;0
5.2324537;52.391116;3;0;0;0;0;0;1;0;0;2;0;1;1;1;1;0;1;2;1
5.2376694;52.3053837999999;3.7;2;3;1;11;2;0;10;1;2;0;9;1;1;3;13;1;3;2
5.240234;52.142305;5;0;0;0;0;1;0;1;0;1;1;2;1;3;1;2;0;0;2
5.2416281;52.3810575;4;1;0;0;0;0;0;0;0;3;1;0;0;1;0;3;0;1;2
5.243668;52.379695;4;1;0;0;0;0;0;0;0;3;1;0;0;2;0;3;0;1;2
5.2437632;52.3567209;4;0;0;0;0;0;0;0;0;2;2;0;0;1;0;1;0;0;1
5.2439699;52.375129;4;1;0;0;0;0;0;0;0;5;1;0;0;2;0;3;0;1;2
5.243984;52.3583601;5;0;0;0;0;0;0;0;0;2;2;0;0;2;0;1;0;0;1
5.2468111;52.2542933;4;0;0;0;1;0;0;0;0;0;0;0;0;1;0;0;0;2;1
5.2559417;52.2643409999999;4.3;0;0;0;0;0;0;0;0;0;0;4;0;0;0;1;0;0;0
5.2573881;52.0639074;4;0;0;0;1;0;1;0;0;1;0;2;0;0;0;1;0;1;0
5.2628617;52.7181146;3;0;0;0;0;0;0;0;0;0;2;2;0;0;0;0;0;0;0
5.26507719999999;51.757296;5;0;0;1;3;0;0;0;0;1;0;1;0;0;0;1;0;0;0
5.2686519;51.6929147;5;2;1;0;2;2;7;13;0;7;6;8;1;3;4;3;2;1;5
5.2694469;51.7508171;3;1;1;1;3;1;0;2;1;2;2;1;0;0;0;3;0;0;3
5.27027;52.17612;5;0;0;0;0;0;0;0;0;0;0;2;0;6;0;1;1;0;1
5.2780458;51.6930458999999;4.5;3;7;0;4;2;8;13;1;15;9;8;2;1;2;7;5;1;4
5.2786515;51.6396115;5;2;1;0;0;1;1;0;2;0;0;0;1;4;0;0;0;0;2
5.27985909999999;52.0536758;4;0;4;0;0;2;2;17;1;5;4;2;2;1;0;8;0;0;3
5.2829309;52.3940741;2;2;3;0;1;1;0;13;0;16;3;1;1;1;0;8;3;0;7
5.2854435;52.1206416;4;0;0;0;0;0;2;0;0;1;0;1;1;0;1;1;0;4;2
5.2873117;52.3469031;5;0;0;0;0;0;0;0;0;0;0;1;0;0;0;0;0;0;0
5.2874971;52.6998305;5;1;2;3;1;2;1;15;0;7;2;2;1;4;4;27;3;0;3
5.29075;51.61143;5;0;0;0;0;0;0;1;0;1;0;1;0;0;1;2;0;2;1
5.29075;51.6534;4;1;2;0;15;2;2;4;0;3;0;1;2;2;2;9;3;1;5
5.294598;51.500435;4;0;0;0;0;0;1;0;0;0;0;1;0;0;0;0;0;0;0
5.30263999999999;51.690701;3;10;16;19;19;5;39;163;1;44;48;13;5;0;25;123;1;4;8
5.3057968;52.4029878;5;0;0;0;0;0;0;0;1;1;1;0;2;3;0;5;2;0;1
5.3094414;51.6940305;2;9;10;19;20;3;35;158;1;38;40;13;4;1;26;116;2;5;10
5.314244;51.700058;4;0;2;0;8;0;2;2;2;13;9;17;2;2;3;13;3;3;4
5.3268954;51.6788873;3;2;0;0;5;0;1;0;1;3;2;11;1;5;1;4;1;0;1
5.3270255;51.6786641;4.5;2;0;0;5;0;1;0;1;3;2;9;1;3;1;4;1;0;1
5.3303563;51.7055909;1;0;0;0;1;0;0;0;1;4;0;14;1;2;1;2;1;0;0
5.3337628;51.5876746;3.6;1;0;1;4;1;3;1;0;2;2;14;2;12;1;11;2;0;4
5.3344802;51.7333973;5;1;1;0;2;0;1;0;1;1;1;11;2;0;2;0;0;0;1
5.3353283;51.7194065;3;0;0;0;0;0;0;0;0;3;0;7;0;0;0;0;0;0;1
5.33936769999999;51.7086204;4;0;0;0;2;0;0;0;0;3;0;2;0;2;1;2;0;0;0
5.3436467;52.1582573;1;0;0;0;0;0;3;0;0;0;0;0;0;1;0;3;0;2;0
5.34939589999999;52.150092;5;0;0;0;0;0;3;0;0;0;0;0;0;1;0;1;1;2;0
5.3594764;51.640045;4;0;2;0;1;1;1;4;1;3;1;6;2;2;2;3;0;0;3
5.37236499999999;51.734641;1;0;0;0;0;0;0;0;1;0;0;1;1;2;0;0;0;0;0
5.3747877;51.5677937;2;0;0;0;0;1;5;0;1;2;0;0;1;1;0;2;0;0;1
5.37508149999999;52.1380701999999;1;0;2;0;3;2;1;5;2;6;5;0;2;1;1;3;1;0;2
5.3757823;51.6670792;5;0;2;0;0;0;2;1;0;1;1;8;0;0;1;1;0;2;1
5.3852424;52.1562306;5;3;9;7;5;7;29;85;2;43;30;14;1;5;34;71;5;5;14
5.3882899;51.433819;1;1;0;0;0;0;0;0;1;2;2;0;1;8;0;0;1;1;1
5.38908649999999;51.5109743999999;3;1;4;0;1;1;0;18;12;7;7;4;2;10;3;10;2;1;5
5.3893948;52.195096;2;2;1;0;0;1;1;0;2;4;4;1;2;3;0;3;4;1;1
5.3942542;52.1935587;3;4;2;0;0;3;2;10;2;4;4;2;1;3;1;6;4;1;2
5.3981432;52.1957957;5;1;0;0;0;1;0;0;1;0;0;1;0;3;0;3;3;1;0
5.399235;52.196122;4;0;0;0;0;0;0;0;1;0;0;1;0;3;0;1;3;1;0
5.4005996;51.6796365999999;1;1;1;0;0;1;2;4;0;3;5;5;0;2;1;5;2;1;3
5.40288779999999;52.1588903;1;2;6;3;8;2;13;31;5;24;26;6;3;5;21;30;3;5;15
5.40424999999999;51.683217;1;1;1;0;0;1;2;4;0;3;5;5;0;2;0;4;2;1;3
5.4049591;52.1903027;5;3;2;0;0;3;1;10;1;2;4;1;1;5;1;4;7;2;3
5.4096626;52.1179377;1;1;0;0;1;0;0;1;0;1;3;0;1;3;0;2;2;3;1
5.4103471;51.4465665;5;2;1;0;0;0;1;0;1;0;0;3;1;3;0;1;1;1;3
5.411239;51.461879;4;0;0;0;0;0;0;0;0;1;0;0;0;0;0;0;0;0;0
5.4113272;52.4943702;5;0;0;0;0;0;0;0;1;2;0;0;0;11;0;2;0;0;0
5.412573;52.5005529;3;0;0;0;0;0;0;0;1;2;0;1;0;11;0;2;0;0;0
5.414372;51.5030639999999;4.3;0;0;0;0;0;0;0;1;1;0;1;0;1;0;0;1;1;1
5.41967959999999;52.1209749;4;2;1;0;1;0;0;1;0;1;3;0;1;4;0;1;2;4;1
5.4202454;52.1405124;5;1;1;2;0;1;3;3;1;2;4;3;1;6;1;7;4;1;2
5.4231139;51.436212;2;0;0;0;3;0;2;2;0;4;2;1;0;3;0;2;0;0;3
5.426004;51.4914784;5;0;0;0;0;0;0;0;0;0;0;0;0;1;0;1;0;0;0
5.429042;52.1296567;1;2;4;2;0;2;3;14;3;4;10;2;2;6;2;17;3;4;6
5.4305699;52.1933006999999;2;1;2;0;2;1;2;7;0;4;3;6;0;13;1;8;3;1;5
5.43183;51.35683;1;1;1;0;1;0;3;0;0;0;1;3;1;8;0;0;0;1;1
5.433877;51.390831;1;1;0;0;1;0;0;0;3;0;0;0;1;1;1;1;1;4;2
5.43427559999999;52.1822682;3.7;0;0;0;1;0;0;0;0;0;2;7;0;8;0;3;0;1;1
5.436993;52.5219369999999;3.8;0;0;0;1;0;2;87;0;5;0;2;0;10;0;9;0;0;0
5.4375277;51.7209949;4;0;0;0;0;0;1;0;0;1;0;7;0;0;0;2;1;0;1
5.43801289999999;51.4853099;4;3;1;0;0;0;1;0;1;1;3;0;2;1;0;6;0;1;2
5.43994929999999;51.4276586;5;0;1;0;3;0;2;0;0;1;3;9;1;0;0;1;0;1;2
5.44007;51.3878999999999;3.5;1;0;0;1;0;0;0;3;1;0;0;1;2;1;2;1;4;2
5.4408123;52.5243285;3.3;0;0;0;1;0;2;87;0;5;0;2;0;11;0;9;0;0;0
5.4408146;52.131753;5;0;4;0;0;2;1;11;3;1;7;2;1;17;1;11;5;3;4
5.4410567;52.5230731;2.3;0;0;0;1;0;2;87;0;5;0;2;0;16;0;9;0;0;0
5.4485851;52.489945;4;0;0;0;0;0;0;0;0;0;0;0;0;14;0;0;2;0;1
5.4502247;51.5593207;3;1;0;0;2;1;7;0;4;2;0;3;1;0;1;12;0;1;3
5.4524656;51.4063826999999;5;1;0;0;10;0;3;0;0;2;1;3;0;0;1;7;2;0;0
5.453894;51.4909097;3;2;1;0;0;0;0;0;0;0;3;0;1;0;0;4;2;1;2
5.4543233;52.505027;1;1;2;0;0;0;0;0;2;2;0;15;2;40;0;4;4;0;3
5.45444;51.3526;5;2;2;2;0;0;3;19;2;4;2;2;2;6;3;14;0;1;7
5.4564543;51.4817802;3;2;0;0;0;0;0;0;0;1;3;0;1;1;0;3;3;7;3
5.4627015;52.5231033;5;1;1;0;0;0;0;0;0;1;0;19;1;40;0;0;6;0;1
5.4628309;51.354712;1;2;2;2;1;0;3;19;2;4;2;2;2;4;3;14;0;1;5
5.4629127;51.3527397999999;1;2;2;2;1;0;3;19;2;4;2;1;2;4;3;14;0;1;5
5.463946;51.501967;3;0;0;0;0;0;0;0;0;1;0;0;0;0;0;1;0;0;0
5.465288;51.3514829999999;5;2;2;2;1;0;2;19;2;4;2;2;2;4;3;14;0;0;3
5.4697874;52.5022795;4;3;3;0;7;0;5;2;2;11;2;17;2;38;0;9;3;1;10
5.469868;51.350575;1;2;2;2;1;0;2;19;1;3;2;2;1;2;3;14;0;0;3
5.471227;51.468472;5;2;3;1;59;3;2;25;1;14;3;2;5;8;0;7;2;0;6
5.4713683;51.3501457;4;2;2;2;1;0;2;19;1;3;2;2;1;2;2;13;0;0;3
5.4727052;52.4983178;5;1;1;0;2;0;1;0;2;2;1;10;2;34;0;0;3;0;6
5.47566059999999;51.728694;1;0;0;0;1;0;0;0;0;2;0;0;0;0;0;0;0;0;0
5.47706;51.402338;5;0;1;0;2;1;1;3;0;3;5;3;1;0;0;10;0;2;2
5.4777075;51.4691481;4.3;2;3;1;60;3;2;25;0;12;3;1;4;5;0;7;1;0;3
5.4795278;51.4069158999999;2.7;0;0;0;2;0;0;0;0;0;0;4;0;0;0;2;1;1;0
5.4796121;51.4072021;4.5;0;0;0;2;0;0;0;0;0;0;4;0;0;0;2;1;1;0
5.484859;51.4600129;4;2;0;0;37;1;0;1;1;3;1;2;1;2;0;1;2;1;4
5.4863139;51.470578;1;4;4;1;61;2;3;27;0;13;6;2;5;5;0;10;2;0;7
5.486673;51.458143;4;2;0;0;23;1;1;1;0;3;1;1;1;2;1;2;3;1;3
5.4871782;52.5024744;1;3;2;0;1;0;1;1;1;4;0;5;2;51;0;3;4;0;3
5.4876634;52.5040227999999;5;2;2;0;2;0;2;1;1;6;0;6;2;52;0;6;5;1;3
5.4881269;51.7331819;4;0;0;0;0;0;0;0;0;2;0;0;0;0;0;0;0;0;0
5.4883521;51.476969;3;3;1;0;17;0;1;3;0;5;5;1;3;5;1;5;0;1;6
5.4907477;51.431146;3;3;1;6;7;3;5;3;4;36;9;5;2;3;31;27;3;1;6
5.4908493;51.434307;5;4;3;11;9;3;11;45;4;45;16;5;1;1;36;57;1;0;6
5.4914761;51.4285602;3;2;2;2;6;4;5;3;6;15;10;3;3;5;8;22;3;1;11
5.4927157;51.73451;4.2;0;0;0;0;0;0;1;0;0;0;0;0;0;0;0;0;0;0
5.4927454;52.4867225;3.7;1;1;0;0;0;0;0;0;4;0;1;0;10;0;4;2;0;3
5.49741089999999;51.415537;4.3;0;2;0;0;1;2;1;0;7;2;0;1;0;1;4;2;0;4
5.5004369;51.7275307;3;0;0;0;0;0;0;1;1;0;0;0;0;0;0;0;0;0;0
5.5011304;51.4249032;5;2;2;0;1;2;1;2;1;8;3;1;2;2;1;10;3;1;7
5.50468119999999;52.4822273;3.7;0;0;0;0;0;0;0;0;2;0;1;0;4;0;0;0;0;0
5.504829;52.340143;5;0;0;0;0;0;0;0;0;0;0;0;0;10;0;0;0;0;1
5.505097;51.4475308;3;0;3;0;2;0;1;1;0;5;4;5;2;3;3;4;0;0;3
5.5058492;52.4827634;5;0;0;0;0;0;0;0;0;2;0;1;0;5;0;0;0;0;0
5.505891;51.4243599;2;1;1;0;0;1;0;1;1;3;0;0;2;1;1;6;3;1;5
5.50616659999999;51.4374269;5;0;2;0;0;1;2;1;0;5;5;1;1;9;3;4;0;1;2
5.5144218;51.4409008;5;0;4;0;0;0;1;1;0;6;4;8;2;9;1;5;1;1;5
5.515251;51.427418;5;1;0;0;0;0;0;0;1;0;0;0;1;1;0;0;1;1;1
5.5191585;51.4509716;2;0;3;0;0;0;0;0;0;1;1;12;1;2;0;3;2;0;3
5.5191894;52.342935;4;0;0;0;2;0;0;0;0;0;0;2;0;21;0;0;0;0;2
5.521235;51.4379599;4;0;1;0;0;0;0;0;0;3;2;4;0;7;0;0;1;0;2
5.52492999999999;51.60473;5;0;0;0;0;0;0;0;0;2;0;1;0;2;0;1;0;0;1
5.5361908;52.3349245;5;1;3;0;3;1;5;12;0;1;7;5;1;7;1;7;3;1;7
5.5362737;51.7366063;3;0;1;0;1;1;1;8;0;4;3;5;1;2;0;5;0;0;4
5.5380284;51.4038914;5;0;0;0;0;0;0;0;0;0;0;0;0;2;0;0;0;0;0
5.5402849;51.3510731999999;1;2;0;1;0;0;0;0;0;1;0;1;1;0;0;3;0;0;2
5.5404236;51.3500947;3;2;0;1;0;0;0;0;0;1;0;1;1;0;0;3;0;0;2
5.542565;51.475766;4;5;1;0;0;1;5;1;0;2;0;1;1;0;1;15;0;1;4
5.5437343;52.3118688;5;0;0;0;0;0;0;0;0;0;0;0;0;6;0;1;1;1;0
5.5464783;51.4292266;1;0;0;0;2;0;2;0;0;1;1;7;0;5;0;1;1;2;1
5.55222919999999;51.7797871;5;0;0;0;1;0;0;0;0;0;0;3;0;0;0;0;0;0;0
5.5539245;53.0513888;4.4;0;0;0;0;0;0;0;0;0;0;1;0;0;0;0;0;0;0
5.5551251;51.4611008;1;1;0;0;2;0;0;0;1;1;1;4;1;12;0;0;0;0;2
5.5563045;51.4217169;4;0;3;2;1;2;4;11;0;3;4;5;2;6;0;10;5;2;4
5.5572107;51.4256987;1;0;3;2;2;2;4;11;0;3;3;6;2;5;0;10;3;2;5
5.557888;51.446065;2;0;0;0;0;0;0;0;0;0;0;1;0;1;0;1;0;0;0
5.55940259999999;51.4077457;2;0;0;0;1;0;0;0;0;1;0;1;0;0;0;0;0;1;0
5.5604761;51.418493;4;1;4;3;0;2;3;11;1;3;5;0;3;3;0;10;2;0;4
5.56172099999999;51.4198499;4;1;4;3;0;2;3;11;1;3;5;0;3;3;0;10;2;0;5
5.563808;51.634619;3;0;0;0;0;0;0;0;1;0;0;0;1;1;0;0;1;1;0
5.5777661;51.5423836999999;5;1;0;0;0;0;0;0;0;0;0;0;0;0;0;0;0;0;1
5.60016999999999;52.3222219;4;1;2;0;1;0;0;1;1;3;2;4;1;1;0;3;1;3;3
5.602086;52.322928;4;1;2;0;0;0;1;1;1;3;2;4;1;1;0;3;1;3;3
5.60283989999999;52.3244457;4;1;2;0;1;0;1;0;1;2;2;3;1;1;0;3;1;0;3
5.6029803;51.6714409;3.8;0;0;0;0;0;0;0;0;3;1;0;1;2;0;0;0;3;4
5.60612999999999;52.328;5;1;2;0;0;0;1;0;1;3;2;2;1;1;0;2;1;1;4
5.6077591;52.3270148999999;5;1;1;0;0;0;1;0;1;2;2;3;1;1;0;2;1;1;3
5.60900899999999;52.325634;5;1;1;0;0;0;1;0;1;2;2;3;1;1;0;2;1;1;3
5.6156862;51.4590037;1;1;1;0;0;0;0;2;0;2;1;6;1;7;1;3;1;0;2
5.616009;51.6541299999999;4;1;4;3;20;5;10;48;4;13;12;2;2;7;0;28;3;4;7
5.6173157;51.4629096;5;1;1;0;0;0;0;2;0;2;1;6;1;6;1;4;1;0;2
5.6174591;51.4580896;1;1;1;0;0;0;0;2;0;2;1;6;1;7;1;3;1;0;2
5.6192717;51.6567461;1;1;4;3;20;5;11;48;5;14;13;2;2;7;0;30;2;5;7
5.6198767;51.4516692;5;2;0;2;2;1;0;3;0;1;3;0;0;4;1;6;0;2;1
5.6199069;51.4789947;5;1;0;0;0;0;0;0;0;0;0;1;0;0;0;1;1;0;1
5.62001;51.438966;2;2;2;3;5;1;0;3;1;3;7;1;1;0;1;9;0;1;4
5.6214258;51.4768872999999;4;0;0;0;0;0;0;0;0;1;0;1;0;0;0;1;0;0;1
5.6223892;53.0349029;4;0;0;0;0;0;0;0;0;0;0;14;0;0;0;0;0;0;0
5.632605;51.462792;1;0;1;1;1;0;0;0;0;2;4;1;0;3;0;4;1;1;4
5.6368839;51.5109723;5;1;1;1;0;0;2;0;0;4;3;0;1;2;0;4;3;0;2
5.637099;51.7242261;5;0;0;0;0;0;1;0;0;0;0;2;0;0;0;0;0;0;0
5.6376928;51.5095308;5;1;1;1;0;0;2;0;0;4;3;0;1;2;0;4;3;0;2
5.6491129;51.2512553;5;0;0;0;0;0;0;0;0;1;0;0;0;1;0;0;0;0;0
5.65175899999999;51.2815203;5;0;0;0;0;0;0;0;0;0;0;1;0;1;0;1;0;0;0
5.6561312;51.6440334;5;1;0;0;2;0;1;1;1;2;1;0;1;1;0;2;1;2;1
5.6563246;50.8971011999999;1;0;0;0;1;0;0;0;0;2;0;0;0;0;2;0;0;0;0
5.6574773;51.2443834;1;0;0;0;0;0;1;0;0;1;0;0;0;1;0;0;0;0;0
5.6598494;51.4746868999999;2;4;1;10;10;2;1;21;0;5;1;4;1;6;3;24;1;1;2
5.6627436;51.4969342;4;3;1;0;21;0;0;2;0;0;3;1;1;4;0;3;3;0;2
5.666996;51.4951836;5;3;1;0;21;0;0;2;1;0;3;2;2;4;0;3;3;0;3
5.6692577;50.8143623;5;0;0;0;0;0;0;0;0;0;0;0;0;0;0;1;0;0;0
5.6738053;50.8243074;5;0;0;0;0;0;0;0;0;0;0;0;0;0;0;1;0;0;0
5.67567189999999;51.4781069999999;5;0;0;0;11;0;1;0;0;1;0;0;1;5;0;3;2;1;3
5.6811282;50.8480554;1;6;9;14;27;5;32;211;1;30;10;5;0;5;15;119;3;1;8
5.6818712;53.0172031;4;0;1;0;0;0;0;0;0;0;0;21;0;1;0;2;0;0;0
5.6892969;52.6608698;4.3;0;0;0;0;0;0;0;0;0;0;1;0;0;0;0;0;0;0
5.7004272;51.2456617;4;3;0;1;5;1;0;7;1;6;3;3;1;7;0;8;3;1;3
5.7048163;51.2491332;5;4;0;3;5;1;1;7;1;8;5;6;2;8;1;21;3;1;6
5.71793989999999;50.85642;5;1;0;0;2;0;2;0;0;1;2;2;1;2;0;6;2;0;3
5.72110429999999;50.8305363;2;2;1;0;2;0;1;0;0;0;0;7;1;4;0;1;3;2;2
5.72160119999999;50.8123877;2.5;0;0;0;0;0;0;0;0;0;0;3;0;0;0;3;1;1;0
5.722214;51.192907;3;0;0;1;10;0;1;1;0;0;1;8;0;2;0;4;0;1;2
5.7246823;50.8263729;4;2;1;0;0;0;0;0;0;0;0;1;1;2;0;1;2;1;2
5.72532359999999;50.8164585;4.6;0;0;0;0;0;0;0;0;0;0;3;0;1;0;3;1;1;0
5.7313706;51.2654626;5;0;0;0;0;0;0;0;0;0;0;0;0;3;0;0;0;0;0
5.7326266;52.7051557;5;1;0;0;0;0;0;0;1;2;0;1;1;1;0;0;3;0;2
5.737938;52.7055091;4;1;0;0;0;0;0;0;1;2;0;1;1;1;0;0;4;0;2
5.73959179999999;51.2775319;2.5;0;0;0;0;0;0;0;0;3;0;0;0;2;0;2;0;0;3
5.7420409;50.8908601;5;1;2;0;0;0;0;2;1;2;2;3;1;3;2;8;4;0;2
5.74205;52.684905;5;0;0;0;0;0;0;0;0;0;0;0;0;0;0;1;0;0;0
5.7423046;50.886712;5;0;2;0;0;0;1;9;0;2;2;4;0;4;2;13;3;0;2
5.7459225;51.2820541;1;0;1;0;2;1;1;2;0;3;0;1;1;3;0;3;1;0;4
5.7498495;50.9222628;3;0;1;0;0;0;2;0;0;0;0;0;0;0;1;2;0;0;0
5.75165149999999;52.7104396;1;4;1;0;3;4;4;23;0;8;2;2;2;1;2;14;6;0;5
5.75638799999999;51.827788;4;0;0;0;0;0;0;0;0;0;0;1;0;0;0;1;0;0;0
5.7650651;51.8524202;5;0;0;0;0;0;0;0;0;0;0;0;0;5;0;3;1;1;1
5.7651109;51.2546116;3;0;0;0;0;0;0;0;0;1;0;1;0;0;0;1;0;0;0
5.7673149;50.8277333;5;1;1;0;0;0;1;0;1;1;0;0;0;0;1;1;0;0;2
5.768697;51.254604;4.8;0;0;0;0;0;0;0;0;1;0;1;0;0;0;1;0;0;0
5.7706648;51.4623451;5;0;0;0;0;0;0;0;0;1;0;1;0;0;0;0;0;0;1
5.7746091;50.9488937;5;2;3;0;0;0;1;3;2;2;3;0;1;0;4;3;2;2;2
5.7753918;51.4619273;5;0;0;1;0;0;0;0;0;1;0;1;0;0;0;1;0;0;2
5.7753957;50.8611546;1;1;2;0;0;0;1;0;0;0;0;1;0;0;0;0;0;0;0
5.77898589999999;50.9881813999999;4.2;1;0;0;0;0;0;0;0;0;0;1;0;0;0;0;0;0;1
5.7815065;50.989354;4.6;1;0;0;0;0;0;0;0;0;0;1;0;0;0;0;0;0;1
5.7834495;50.9746986;5;0;0;0;0;0;0;0;0;0;0;0;0;1;0;2;2;0;0
5.7835534;51.4561333;3;1;0;1;0;1;0;0;1;1;0;0;1;1;0;2;0;0;4
5.7846927;51.8234062;1;3;4;0;1;1;1;6;0;5;1;2;1;3;0;4;1;1;2
5.7851643;51.4578679;1;2;0;3;0;2;0;0;1;1;0;0;1;1;0;4;1;0;5
5.78547859999999;53.1593854;4;0;0;0;0;0;0;0;0;0;0;0;0;0;0;1;0;0;0
5.7878215;53.2046718;4;4;6;23;3;8;16;85;0;25;23;2;2;1;21;71;0;3;9
5.790471;53.1974759999999;1;5;6;22;2;8;14;90;0;30;27;1;1;2;21;71;0;0;7
5.7928228;50.9839144;1;0;0;0;0;0;0;0;0;0;0;2;0;0;0;0;0;0;0
5.7931624;53.1722876;5;0;0;0;0;0;0;0;0;0;0;0;0;1;0;0;0;0;1
5.794307;53.1720553;2.3;0;0;0;0;0;0;0;0;0;0;0;0;1;0;0;0;0;1
5.794587;50.9391879999999;1;2;3;0;1;1;4;9;3;6;1;1;3;0;6;10;2;0;2
5.7971086;53.1905318;4;3;2;6;0;1;0;11;0;16;7;1;0;2;1;9;0;0;4
5.8001106;50.9837856;3.7;0;1;0;0;0;0;0;0;0;0;2;0;0;0;0;0;0;0
5.80057499999999;53.1615149999999;4;0;0;0;0;0;0;0;0;0;0;0;0;0;0;1;0;0;0
5.80088599999999;51.81971;5;3;2;0;1;1;1;6;0;5;1;2;1;3;0;6;1;1;4
5.8022162;53.2070966;5;3;6;14;3;7;17;86;2;27;26;1;3;1;13;57;0;3;15
5.8027;53.2018;4;6;8;25;2;8;17;91;2;39;37;3;3;0;22;77;0;0;18
5.813401;50.9565259;3;0;1;1;0;1;0;0;1;4;0;1;1;1;0;3;0;0;2
5.8141935;51.1247828;5;0;1;0;8;0;1;0;0;1;0;0;0;0;1;2;0;1;0
5.8163307;50.9306267;5;0;0;0;0;0;0;0;0;0;0;0;0;0;1;0;1;0;0
5.816784;50.958058;1;0;1;1;0;1;0;0;1;4;0;1;1;1;0;3;0;0;2
5.8212538;51.8570607;5;1;0;0;0;0;1;0;0;1;0;0;0;1;0;0;1;2;1
5.8221538;50.8578821;1;0;0;2;5;0;4;2;0;3;0;3;0;3;10;51;0;0;0
5.8234051;50.8569585;4;0;0;2;5;0;3;1;0;3;0;2;0;3;10;50;0;0;0
5.823493;50.990619;3.6;1;1;0;0;0;0;0;0;0;0;0;0;0;0;0;0;0;2
5.8250733;51.8167944;2;2;1;0;3;0;0;0;1;2;2;1;0;1;0;0;5;6;2
5.82560369999999;50.8567259999999;1;0;0;2;5;0;5;1;0;3;0;2;0;3;10;55;0;0;1
5.8273;50.96807;5;2;1;0;0;1;2;10;1;6;4;0;0;3;4;9;1;0;8
5.8274436;50.8666387;3.7;0;3;2;4;1;10;5;1;5;1;4;2;2;11;61;1;0;4
5.8296638;51.8920397;2.3;0;0;0;0;0;0;1;0;3;0;4;0;1;1;1;0;0;1
5.831973;51.813451;1;3;2;2;3;1;0;1;3;5;4;0;1;2;1;0;7;3;4
5.8338898;51.8566511999999;5;0;0;0;0;0;2;0;0;0;0;0;0;0;1;1;0;0;0
5.83631389999999;50.86215;1;0;1;2;3;1;10;4;1;4;1;2;2;2;11;61;0;0;3
5.83635819999999;52.9599847;5;0;0;0;0;0;0;0;0;0;0;1;0;0;0;0;0;0;0
5.83775399999999;51.8382219999999;2;3;6;1;0;1;0;1;2;7;14;4;3;4;0;4;2;0;8
5.8385454;51.8084263999999;2.7;4;2;0;6;1;0;1;2;4;5;0;1;4;1;0;7;2;4
5.84239199999999;50.991278;5;0;0;0;0;1;0;0;0;1;0;0;0;0;0;1;1;0;2
5.84343999999999;51.986449;2;2;3;0;3;1;3;13;2;3;8;0;2;3;1;11;6;0;3
5.844099;51.842895;5;3;5;3;2;2;5;1;1;16;15;6;2;5;4;14;3;2;7
5.8462266;51.9580321;4;1;2;0;3;0;0;3;2;3;4;0;1;2;0;3;3;0;4
5.8466276;51.9609031;5;1;2;0;4;0;0;4;2;5;4;0;1;0;0;3;3;0;4
5.8467997;51.989214;1;2;3;0;3;1;3;13;2;3;8;0;2;3;1;11;6;0;3
5.847327;51.8443973;5;5;6;4;6;4;12;9;2;29;20;6;3;8;11;35;4;3;9
5.8485703;53.2129646;3;0;1;0;0;0;1;1;0;1;1;0;0;2;0;1;0;0;2
5.8509631;53.2073294;5;0;1;0;0;0;1;1;0;1;1;0;0;2;0;1;0;1;2
5.85189;51.945;4;0;1;0;0;0;0;1;0;1;1;0;0;2;0;1;3;1;1
5.8538346;51.83629;5;1;7;4;3;5;13;1;2;28;16;1;3;2;13;30;5;3;8
5.8544271;51.9542837;1;1;2;0;4;0;0;4;2;6;5;1;1;3;0;3;5;1;5
5.855117;51.844867;2;5;9;19;11;9;34;70;3;48;27;9;2;8;43;86;6;4;10
5.8611854;51.8497069;3;5;5;18;11;8;28;70;1;37;16;7;1;6;37;84;3;2;7
5.861263;51.105096;1;3;2;0;0;1;1;5;0;2;1;2;1;0;2;4;0;0;4
5.8621085;51.8420534;4;5;8;17;12;9;35;70;2;49;23;5;2;7;45;103;7;4;10
5.86284349999999;51.1039226;2.2;3;2;0;0;1;1;5;0;2;1;2;1;0;2;4;0;0;4
5.86327989999999;50.97385;5;1;1;0;0;0;1;0;1;2;2;0;1;1;1;3;1;1;1
5.8652913;51.1056916999999;1;3;2;0;0;1;1;5;0;2;1;3;1;0;2;4;1;0;4
5.8663193;51.001178;2;4;0;0;2;2;7;11;0;2;0;6;1;0;7;29;2;2;2
5.8666279;51.8474669999999;3;5;5;18;12;8;28;71;1;36;17;7;1;5;40;86;3;2;7
5.866638;52.0310719999999;2;0;0;0;0;0;0;0;0;0;0;1;0;0;0;3;0;0;0
5.86780389999999;51.11358;5;0;2;0;0;1;0;3;1;0;0;1;0;0;1;4;2;0;1
5.868882;50.99438;3;3;0;0;1;2;8;11;0;1;0;4;1;2;5;27;3;1;2
5.8767365;51.9954615;1;0;1;1;0;0;0;0;1;0;0;0;1;0;0;2;2;2;0
5.8804073;52.0240567;1.8;0;0;0;0;0;0;0;0;0;0;0;0;0;0;1;0;0;0
5.88609919999999;51.9421111;3;1;1;0;0;0;0;0;0;1;1;0;1;6;0;1;2;0;2
5.89193849999999;51.9928488;3;0;1;1;1;0;3;0;1;0;1;2;1;0;0;7;2;0;2
5.8923925;53.2421506;4;0;0;0;1;0;0;0;0;0;0;0;0;0;0;0;0;0;1
5.89547149999999;51.940872;3;1;1;0;0;0;1;0;0;1;1;0;1;8;0;1;2;0;2
5.89591779999999;50.9920194;5;1;0;0;0;0;0;0;1;0;0;0;1;0;0;0;0;0;1
5.8978195;52.008711;3;1;1;0;2;0;0;0;0;2;0;0;0;1;0;5;0;0;0
5.8994816;51.1173054;3;0;0;0;0;0;1;0;0;0;1;0;0;0;0;0;0;0;0
5.9011717;51.9825353;5;5;8;23;3;8;31;71;0;35;9;6;1;1;18;96;3;0;9
5.906797;51.9789039;4;6;8;23;9;8;28;75;1;36;9;5;2;1;17;90;3;1;8
5.90880889999999;50.9616956;1;0;0;0;0;0;1;0;0;0;0;0;0;0;0;1;1;0;1
5.909333;51.9863049999999;4;6;10;23;3;8;33;75;0;40;13;6;2;1;20;101;4;2;10
5.9122023;52.1774972;1;0;0;0;1;0;0;0;0;0;0;1;0;0;0;1;0;0;0
5.916297;51.989285;4;5;6;6;2;2;13;43;0;22;11;3;2;3;8;53;5;2;8
5.919555;51.93893;2;1;1;0;3;0;0;0;2;1;1;2;2;11;1;1;2;3;2
5.919751;51.8192;5;1;0;0;0;0;0;0;0;0;0;0;0;0;0;3;0;0;0
5.9201057;51.9422609;2.3;1;1;0;5;0;0;0;2;1;1;2;2;11;1;1;2;3;2
5.921453;51.8183859;5;1;0;0;0;0;0;0;0;0;0;0;0;0;0;3;0;0;0
5.923935;51.940481;4;1;1;0;6;0;0;0;3;1;1;2;2;12;1;1;3;4;3
5.9263287;52.0178437999999;4.3;0;0;0;0;0;0;0;0;0;0;0;0;0;0;0;0;1;0
5.92721179999999;51.8278882;5;0;1;0;1;0;2;0;0;0;0;1;1;0;1;1;1;0;1
5.92912;51.9787;1;0;1;2;7;0;2;1;1;5;3;1;2;1;0;9;2;1;6
5.9315839;52.9651432;2;4;7;1;4;4;4;58;0;6;12;0;1;0;9;21;0;1;6
5.9334773;52.1871744;1;0;2;0;1;0;1;4;2;1;2;2;1;3;1;2;0;0;2
5.9390638;51.857217;5;0;0;0;1;0;2;0;0;1;0;1;0;2;0;0;0;0;0
5.9392569;52.441989;5;0;0;0;0;0;0;0;0;0;0;0;0;4;0;0;0;0;0
5.9429789;52.0082601;4.5;0;1;0;1;0;0;0;0;2;1;1;0;3;1;1;1;1;2
5.9437015;50.8557415;1;0;0;0;1;0;0;0;0;3;0;0;0;1;0;2;0;1;0
5.943903;50.9045999999999;5;0;0;0;1;0;2;0;0;2;0;0;0;1;0;0;0;0;0
5.948859;52.4406539999999;5;0;0;0;0;0;0;0;0;1;0;0;0;7;0;3;0;1;1
5.95047129999999;51.9986979;5;0;1;0;3;0;0;0;0;1;2;0;0;6;1;2;5;1;2
5.9505165;50.936068;5;0;0;0;0;0;0;0;0;0;0;1;0;0;0;0;0;2;1
5.95288789999999;51.5698508;4;1;1;0;0;0;1;0;2;1;1;1;0;10;0;9;0;0;1
5.9545349;52.4392682;1;0;0;0;0;0;0;0;0;1;0;0;0;7;0;3;0;1;1
5.9552176;50.8922885;2.5;0;0;0;0;0;1;0;0;1;0;0;0;2;0;1;0;1;1
5.9555132;50.9152713;5;1;0;0;0;0;0;1;0;2;1;0;0;0;3;1;1;0;3
5.95750939999999;51.2341957;5;1;1;0;0;0;0;0;0;0;0;2;0;0;0;5;0;0;2
5.957723;51.2355159;1;1;1;0;0;0;0;0;0;0;0;2;0;0;0;6;0;0;2
5.95977269999999;51.9757568;1;0;0;0;2;0;1;0;0;1;2;0;0;0;1;2;2;1;1
5.96377099999999;52.208097;5;4;8;5;32;7;18;62;0;40;37;7;3;10;17;58;0;1;6
5.9657393;52.1639754;1;2;1;0;6;1;0;3;0;2;2;1;0;3;1;6;0;0;1
5.9667511;51.98249;4;0;0;0;1;0;1;1;0;2;2;0;1;4;1;1;4;1;3
5.96787249999999;52.0091252;4;0;0;0;0;0;1;0;0;0;0;1;0;7;0;1;0;3;0
5.9683763;51.9902818;1;3;6;0;9;3;2;13;1;7;11;0;3;3;4;18;7;0;5
5.96902499999999;51.962158;2;1;1;0;2;1;0;3;1;4;4;0;1;5;1;6;0;0;4
5.9768086;52.2366562;3.8;0;0;0;1;0;0;1;0;3;0;0;0;8;0;1;2;0;2
5.97787789999999;52.4516263;4.2;0;0;0;0;0;0;0;0;0;0;2;0;0;0;0;0;0;0
5.97888479999999;50.8340916999999;2;1;1;0;0;1;2;2;1;2;0;1;1;0;1;3;1;0;1
5.9799861;50.8715303;5;2;2;0;0;1;1;1;1;2;3;1;3;0;1;3;0;0;2
5.9822951;51.949534;5;1;0;0;3;0;1;1;1;2;0;0;1;9;0;0;0;0;3
5.9847762;52.1788831;5;0;0;0;0;0;1;0;0;2;0;0;0;0;0;0;0;0;0
5.9848186;51.379788;4.3;0;0;0;2;0;0;0;0;2;0;0;0;0;0;5;0;0;1
5.984966;50.878654;4;1;1;5;1;0;1;0;1;0;2;1;2;0;0;5;2;0;2
5.9850199;51.3766342;4.6;0;0;0;2;0;0;0;0;2;0;0;0;0;0;5;0;0;1
5.9856;51.380057;4.3;0;0;0;2;0;0;0;0;2;0;0;0;0;0;5;0;0;1
5.9884765;51.2011970999999;3;2;6;1;6;3;23;173;0;19;5;5;0;2;9;45;0;0;2
5.98886549999999;51.1997755;1;5;6;1;9;3;23;176;0;20;8;9;1;2;10;50;0;0;2
5.9891441;51.9672868;4;0;0;0;1;0;0;0;0;4;0;1;0;0;0;2;0;1;0
5.99142619999999;51.5300772999999;1;0;1;0;0;0;0;0;2;2;1;0;2;26;1;1;4;0;4
5.9931386;52.2219446;5;1;4;0;4;2;1;9;4;12;7;0;2;19;0;2;1;3;6
5.9932382;50.8851802;4;0;0;6;4;0;0;1;0;2;2;0;0;0;0;6;2;0;2
5.9934995;51.1965364;5;6;7;2;10;3;28;176;1;23;8;12;2;4;10;52;0;1;5
5.995207;51.965978;2;0;0;0;1;0;0;0;0;4;0;1;0;0;0;1;0;1;1
5.9996246;50.8877757;5;0;0;0;2;0;0;1;0;1;1;0;0;0;0;1;1;0;1
6.0002398;51.1975615;5;7;6;1;5;1;12;106;1;17;9;14;2;5;7;23;0;1;3
6.0004989;51.378047;4;0;0;0;0;0;0;0;0;0;0;1;0;0;0;0;0;0;0
6.0062284;50.8561726;1;0;0;0;1;0;1;0;0;2;0;0;0;0;0;3;0;2;3
6.01103899999999;51.5966256;1;0;0;1;0;0;1;0;0;0;0;0;0;0;0;0;0;0;1
6.0141801;50.8637147;5;2;1;0;0;1;0;0;0;2;0;0;0;2;1;4;1;0;4
6.01610399999999;52.2047029999999;4.3;0;0;0;0;0;0;0;1;0;1;0;0;15;0;1;0;0;0
6.019844;50.9009329999999;5;0;3;0;0;1;1;7;1;3;4;1;0;2;0;13;2;0;3
6.0207558;51.5066734;3;0;0;0;0;0;0;0;0;0;0;0;0;0;0;1;0;0;0
6.0214003;51.5041324;4.3;0;0;0;0;0;0;0;0;0;0;0;0;0;0;1;0;0;0
6.0248656;52.1701408;4.5;0;0;0;0;0;0;0;0;1;0;1;0;0;0;1;0;0;1
6.02508829999999;52.1659922;4.8;0;0;0;2;0;0;0;0;1;0;1;0;0;0;1;0;0;1
6.0257985;52.1707824999999;4.2;0;0;0;0;0;0;0;0;1;0;1;0;0;0;1;0;0;1
6.0260741;52.1661906999999;4.1;0;0;0;2;0;0;0;0;1;0;1;0;0;0;1;0;0;1
6.027983;50.891946;5;1;2;0;0;0;0;2;1;3;2;2;0;1;0;3;0;1;4
6.0288929;50.9020272;5;0;2;0;0;1;2;6;2;3;3;0;0;1;1;10;3;0;2
6.0294054;51.1914044;3.7;0;0;0;1;0;0;0;0;2;0;1;0;1;0;0;3;4;1
6.0351662;52.2016214;1;0;0;0;1;0;0;0;0;0;0;0;0;0;0;0;0;0;0
6.0359854;51.2315432;1;2;0;0;1;0;0;0;1;1;0;7;1;0;1;3;0;0;1
6.0379636;52.1997854;5;0;0;0;1;0;0;0;0;0;0;0;0;0;0;0;0;0;0
6.041271;53.089229;1;1;1;0;0;0;1;0;0;1;1;2;0;2;0;0;0;0;1
6.04353589999999;52.520173;4;1;1;0;1;0;0;0;1;1;1;0;1;0;1;1;0;3;1
6.043683;52.5385025;5;0;1;0;2;1;0;1;1;2;2;0;0;1;0;2;2;1;2
6.0449202;50.8930965;1;1;0;0;0;0;0;0;0;2;0;0;0;0;2;2;0;0;0
6.0502226;52.522163;1;1;1;0;2;0;0;0;1;1;1;0;1;0;1;0;2;3;1
6.05061299999999;52.52529;1;2;3;0;4;1;1;4;1;2;1;0;1;0;1;2;3;3;3
6.0508419;52.2371886;3;0;0;0;2;0;0;0;0;0;0;0;0;0;0;2;0;1;0
6.0551276;52.5349375;4;2;2;0;5;1;1;5;1;3;5;0;1;1;0;3;5;1;2
6.05521399999999;51.361888;1;1;1;0;1;0;0;2;1;3;2;0;1;2;0;2;0;0;2
6.0559717;51.2379227;1;0;0;0;0;0;0;1;0;2;0;0;0;0;0;0;0;1;0
6.0566891;52.5176121;1;1;1;0;1;0;0;0;1;1;1;0;1;0;1;0;0;3;1
6.058553;50.8952356;4;2;0;0;0;0;0;1;0;3;1;0;0;0;2;3;0;0;1
6.0585799;52.4718425;2;2;1;1;4;2;3;9;0;2;3;4;1;1;1;8;3;0;1
6.06557;52.4754622;5;2;1;1;4;2;4;9;0;2;3;1;1;1;1;7;3;0;1
6.06599349999999;52.5356756;5;2;2;0;5;1;1;5;0;3;5;0;1;1;0;2;4;1;2
6.06821589999999;51.199497;1;0;0;0;0;0;0;0;0;1;0;1;0;0;0;0;0;0;0
6.0703352;52.4674916;4;2;1;1;4;2;4;9;0;2;3;3;0;2;1;7;1;1;1
6.0780786;52.5079396999999;5;5;1;4;12;2;12;15;0;8;8;5;0;5;3;26;0;4;5
6.081611;52.740903;5;0;0;0;0;0;0;0;0;0;0;1;0;0;0;1;1;0;0
6.0834643;52.5028401;5;4;1;0;5;1;8;0;0;10;6;6;0;4;0;9;0;3;4
6.0885677;51.3260979;5;1;1;2;0;0;1;1;1;2;3;2;0;8;1;3;3;1;2
6.08966159999999;51.398801;5;0;1;0;0;0;0;0;0;1;0;1;0;0;0;1;0;0;0
6.092777;52.2090428;4.3;0;0;0;0;0;0;0;0;1;0;2;0;0;0;0;0;0;0
6.09443199999999;53.1083682;1;2;6;8;3;4;15;52;2;18;16;22;2;4;1;26;8;0;5
6.09527699999999;52.53851;4;1;0;0;0;0;0;0;1;0;0;0;0;2;0;0;3;1;1
6.09577;52.4882599;5;0;0;0;0;0;0;0;0;1;1;0;1;7;0;1;4;0;1
6.0980174;52.5145203999999;1;8;9;20;44;6;28;110;3;52;61;5;1;2;25;81;7;4;24
6.1005666;53.1054113999999;5;3;7;8;5;5;13;52;2;18;16;26;4;3;1;25;14;0;8
6.10346799999999;52.513318;4.5;7;9;19;36;6;27;112;3;53;61;5;1;2;23;72;10;7;24
6.1163227;52.5225777;1.3;1;0;0;0;0;1;2;2;5;7;0;0;2;1;4;3;18;4
6.12474639999999;51.369935;1;0;0;0;1;0;0;0;0;0;0;0;1;5;1;1;0;1;2
6.136792;52.27043;1;2;0;0;2;0;0;0;0;0;0;2;0;1;0;0;3;1;3
6.137931;52.2750859999999;4;0;0;0;1;0;0;0;0;1;0;1;1;1;0;0;2;2;3
6.1379581;51.3420871;4;1;1;1;0;0;2;0;0;4;1;1;0;2;3;1;1;1;2
6.1400077;52.7956044;3;0;1;0;0;0;0;0;0;1;0;13;0;4;0;0;3;5;1
6.1408226;52.2756498;1;0;0;0;1;0;0;0;0;1;0;1;1;1;0;0;3;2;3
6.1440051;52.49744;5;0;0;0;0;0;0;0;0;1;0;0;0;0;0;2;0;0;0
6.14664499999999;51.307102;3;0;0;0;0;0;1;0;0;1;0;1;0;0;0;2;0;0;0
6.1474875;51.3692575;3;2;4;0;1;1;2;8;0;5;6;1;2;5;4;8;1;1;5
6.152905;51.3371191;5;1;1;0;0;0;2;0;0;2;0;1;0;3;1;0;0;0;2
6.15364599999999;51.37832;1;0;0;0;0;0;0;2;0;2;1;0;0;2;0;1;0;0;0
6.1569908;52.5319865;4.6;0;0;0;0;0;0;0;0;0;0;2;0;0;0;0;0;0;0
6.1582534;52.7808518999999;3;0;0;0;0;0;0;0;0;0;0;0;0;2;0;0;0;0;0
6.1608702;51.3724321;5;3;7;4;5;3;10;36;0;13;4;6;2;3;23;42;0;0;4
6.16180469999999;52.2501004;1;0;2;0;2;7;14;48;0;10;4;3;1;1;5;44;3;0;7
6.165576;51.368452;1;3;8;4;6;3;9;34;1;16;5;6;3;3;24;37;0;0;6
6.16783789999999;51.3644368;5;2;6;4;6;2;9;28;1;15;3;5;3;4;22;37;0;0;6
6.1683403;52.5466888;4.5;0;0;0;0;0;0;0;0;0;0;1;0;0;0;0;0;0;0
6.1726912;51.3715086;3;3;6;4;6;2;10;28;0;15;2;5;5;3;19;37;1;2;5
6.1761867;52.7312303999999;2.3;0;1;0;1;0;0;0;1;0;0;1;0;1;0;0;1;0;1
6.1780219;52.236746;2.1;0;0;0;0;0;0;0;0;1;0;0;0;0;0;0;0;0;0
6.178172;51.326318;1;0;0;0;0;0;1;0;0;0;0;3;0;0;0;4;0;0;0
6.17827029999999;51.3718663;4.1;4;6;4;3;2;9;28;0;15;1;4;5;3;19;36;1;2;6
6.18648819999999;52.7528626;4.4;0;0;0;0;0;0;0;0;0;0;2;0;0;0;0;0;0;0
6.18827729999999;52.24005;5;0;0;0;0;0;0;0;0;1;0;0;0;1;0;0;0;0;0
6.189893;52.687579;4;2;4;0;5;1;3;8;0;2;2;0;1;7;1;3;0;0;2
6.18996609999999;52.7509842;4.5;0;0;0;0;0;0;0;0;0;0;2;0;0;0;0;0;0;0
6.19170989999999;52.700795;1;6;6;5;23;2;2;37;0;3;13;0;1;8;7;29;0;1;4
6.1930083;52.7038528;5;6;6;5;23;2;2;37;0;3;13;0;1;6;6;28;0;1;4
6.1953948;51.3290179;2;1;2;0;0;0;1;0;2;6;0;3;2;0;1;2;0;0;3
6.204348;52.1325499999999;5;2;3;0;0;1;3;1;0;3;1;3;1;1;1;10;1;1;5
6.20474;52.139853;5;2;7;2;3;3;6;36;1;9;6;1;3;2;13;35;0;1;5
6.2049816;52.6948497;4;2;4;1;9;3;5;20;1;3;6;0;1;10;5;17;0;0;4
6.2057394;52.6981846;5;2;3;1;7;2;4;10;0;3;5;0;0;9;4;15;0;0;4
6.20723;52.637622;3;0;0;0;1;2;0;0;1;2;1;0;1;14;0;0;3;0;1
6.20905;52.6472999999999;2;0;1;0;1;2;0;0;0;2;1;1;0;14;0;0;0;0;4
6.2099454;52.6356269;3.5;0;0;0;0;1;0;0;1;0;0;0;1;8;0;0;3;0;0
6.21041819999999;52.1333636;5;1;2;0;0;0;2;0;1;1;0;3;1;1;0;5;1;1;4
6.2108686;51.9608232;5;1;0;1;0;0;0;0;1;2;0;3;1;0;2;3;0;1;3
6.21172779999999;51.3277021;4;1;1;0;0;0;1;0;1;2;0;3;0;0;0;0;0;0;2
6.21259399999999;51.9571143999999;1;1;0;1;0;0;0;0;1;2;0;3;1;0;2;4;0;1;3
6.2138401;52.1527192;5;0;0;0;1;0;0;0;0;1;0;1;2;0;0;0;0;0;1
6.2145755;52.260448;5;1;1;0;2;0;0;0;0;3;3;1;1;1;0;0;1;1;3
6.2174763;52.1374992;5;1;3;0;0;1;0;0;1;1;2;1;2;1;0;3;1;0;3
6.2180209;52.265027;5;1;1;0;2;0;0;0;1;2;2;1;1;1;0;0;1;0;2
6.2242865;52.1273262;5;1;2;0;1;1;1;0;0;1;2;3;1;1;0;0;1;0;1
6.2284264;52.2450248;5;1;3;0;0;0;1;7;2;1;1;0;1;0;0;2;1;0;2
6.2327849;52.1260135;1;1;1;0;0;1;0;0;0;3;2;0;1;1;0;0;0;0;1
6.23361399999999;52.0063997;4;0;0;0;0;0;1;0;0;0;1;0;0;0;0;0;0;0;1
6.2455051;51.961712;1;0;1;0;0;0;0;0;0;0;1;0;2;3;0;0;3;0;2
6.25740909999999;51.9601625;5;0;1;0;0;0;0;0;1;0;2;0;2;3;0;0;5;1;2
6.27029289999999;51.9646106;3.3;0;1;0;3;0;0;0;3;0;0;2;1;1;0;1;1;2;4
6.2882095;51.9648652;1;0;5;3;2;3;11;47;1;10;4;3;2;0;4;33;2;2;6
6.292578;51.963562;1;0;5;3;2;3;11;47;1;11;4;3;2;0;4;33;4;2;5
6.2947291;51.9578815;5;0;3;1;2;3;7;41;2;8;2;1;2;0;3;15;3;0;2
6.34369529999999;51.9155212999999;1;0;0;0;0;0;1;0;0;0;0;1;1;0;0;0;2;0;0
6.3462733;51.9286979;2;0;0;0;0;0;0;2;1;2;2;3;0;0;0;0;2;1;2
6.3722771;51.8961479;5;3;2;0;1;0;0;10;0;2;4;0;1;0;0;1;1;0;4
6.41044499999999;52.751022;2.5;0;0;0;0;0;1;0;0;0;0;0;0;0;0;1;0;0;0
6.42514549999999;52.70657;4.5;0;0;0;0;0;0;0;0;0;0;1;0;0;0;1;0;0;0
6.442703;52.36578;4;0;1;0;1;1;0;0;0;2;1;0;0;2;4;10;1;0;2
6.4458824;52.7741939;2.9;0;0;0;0;0;0;0;0;0;0;2;0;5;0;4;0;0;0
6.45886939999999;52.3671164;3;3;4;0;0;2;0;14;0;7;3;3;2;1;5;14;1;1;6
6.46383779999999;52.3650181;3;3;4;0;1;2;0;14;0;7;3;4;2;1;5;14;0;1;6
6.4653193;52.3668734;5;3;4;0;0;2;0;14;0;7;3;4;2;1;5;14;1;1;6
6.466283;52.371773;5;3;2;0;0;1;0;14;0;5;1;3;1;1;1;10;1;1;4
6.46809449999999;52.7190697;2;0;2;0;0;2;2;27;1;2;2;80;2;7;0;11;1;0;3
6.46904559999999;52.3655564;4;3;4;0;0;2;0;14;0;7;3;4;2;0;2;13;0;1;6
6.49109899999999;52.716755;5;1;0;0;1;1;0;2;1;5;2;62;2;3;0;4;2;3;4
6.492681;52.7239249999999;1;0;0;0;1;0;0;15;0;8;3;63;1;4;0;8;1;3;4
6.498713;52.2997419999999;1;1;1;0;0;0;0;0;0;0;0;1;1;1;0;1;5;0;1
6.50108959999999;52.3014154;2;1;1;0;0;0;0;0;0;0;0;2;2;2;0;1;6;0;1
6.5016618;53.224251;3;0;0;0;0;0;0;0;1;1;2;0;0;2;1;1;2;0;0
6.51603589999999;52.0026501;4.5;0;1;0;0;0;1;0;0;0;0;1;0;0;0;1;0;1;1
6.517338;52.710727;4;0;0;0;0;0;0;0;0;0;0;7;0;1;0;0;0;0;0
6.519666;53.2368219;4.6;1;1;0;16;1;2;1;0;0;1;1;1;4;0;4;3;2;1
6.5197866;53.2367637;3;1;1;0;16;1;2;1;0;0;1;1;1;4;0;4;3;2;1
6.5209766;53.2274009;4;0;2;0;11;1;0;3;2;1;3;1;3;6;2;4;2;1;5
6.5226962;53.2316449;4;0;2;0;13;1;1;3;2;1;3;2;3;4;2;4;3;1;5
6.53119089999999;53.1842864;5;0;0;0;3;0;1;0;0;0;0;0;1;1;0;0;2;1;0
6.54153869999999;52.9832205;5;0;0;0;1;0;1;0;0;1;2;64;0;11;0;6;3;3;1
6.5425444;53.2326462;5;6;2;1;15;2;5;16;6;15;5;0;3;22;2;6;2;2;5
6.54894609999999;53.1917364;4;2;1;0;4;0;1;0;2;2;1;0;1;7;1;3;1;0;1
6.5552505;53.2158022;5;8;8;21;33;11;67;154;6;63;56;9;2;13;31;120;5;2;12
6.55529379999999;53.1885937;5;1;1;0;3;0;1;0;2;1;1;0;1;10;1;3;1;0;1
6.5601303;53.2202359;4.5;9;10;46;49;12;83;163;9;82;75;14;4;15;50;199;4;3;19
6.5620417;53.2112218;1;8;7;39;36;9;68;146;7;61;50;11;2;10;40;127;4;2;12
6.5649017;51.9877642999999;4;1;4;1;2;1;3;7;1;1;2;0;2;1;2;3;0;0;4
6.57212199999999;53.026018;2;0;0;0;5;0;0;0;0;1;0;19;0;4;0;2;0;0;0
6.574909;53.218854;5;8;9;45;56;12;76;155;14;58;61;13;5;17;48;166;3;3;12
6.580143;53.0136608;4;1;0;0;18;0;1;0;2;0;1;52;1;11;1;2;0;2;0
6.580945;53.017544;5;1;0;0;16;0;0;0;2;0;1;39;1;16;1;2;0;2;0
6.581646;52.985117;5;1;0;0;0;0;0;1;0;1;0;57;1;1;0;1;2;0;2
6.587375;51.9980612;5;0;0;0;0;0;0;0;0;0;0;2;0;0;0;1;0;0;0
6.599434;52.4088442;5;0;0;0;0;1;0;0;0;0;0;1;0;2;0;1;2;0;1
6.6128082;52.13448;1;2;1;0;0;0;0;3;0;2;2;11;2;0;3;7;9;2;3
6.6130406;52.041301;5;1;0;0;1;1;0;2;0;2;1;0;0;0;2;9;1;0;3
6.614368;53.221396;1;0;0;0;1;0;1;0;0;0;0;0;0;0;0;1;0;0;0
6.615296;53.225322;5;0;0;0;1;0;0;0;0;0;0;0;0;1;0;0;0;0;2
6.615359;53.2138565;3;0;0;0;0;0;0;0;0;1;0;0;0;0;0;1;0;0;0
6.61941099999999;53.231696;5;2;1;0;3;1;0;3;1;3;2;0;1;9;1;2;3;0;4
6.6215012;52.4150638;5;3;2;0;0;2;0;5;2;2;1;3;1;1;1;1;1;2;5
6.6242695;53.2384865;4;2;1;0;1;1;0;3;1;3;2;0;1;13;1;2;0;0;4
6.6262553;51.9437899;5;0;0;0;0;0;1;0;0;0;0;2;0;0;0;1;0;0;1
6.63021609999999;52.1295025;5;0;0;0;0;0;0;0;0;1;0;1;0;0;0;0;4;0;0
6.6386069;52.197473;4;1;1;0;1;0;0;2;0;1;0;0;0;0;0;3;0;0;2
6.6513769;53.222572;5;0;0;0;3;0;0;0;1;0;0;0;0;7;0;1;1;0;0
6.6534891;52.3323380999999;1;0;0;0;1;0;0;0;0;0;0;1;0;10;0;1;2;1;1
6.6616155;52.3530455999999;5;2;2;3;7;2;2;28;2;6;3;11;1;6;4;15;3;0;5
6.66822;52.359855;3;2;2;3;5;2;2;28;0;5;2;20;1;1;4;16;2;0;5
6.6768712;52.3504699;4;1;1;2;2;1;0;2;2;1;2;7;2;12;11;11;1;1;2
6.68541;52.368131;5;0;0;0;0;0;0;0;0;1;0;4;0;1;0;0;1;0;4
6.72319999999999;51.9730269999999;1;2;4;0;0;2;7;19;1;6;2;8;2;3;0;12;7;1;4
6.72556939999999;51.970209;1;2;4;0;0;2;7;18;1;6;2;7;2;3;0;12;5;1;4
6.7283228;52.1648284;1;0;0;0;0;0;0;0;0;0;0;0;0;0;0;0;0;0;1
6.72844009999999;51.9743019999999;5;2;4;0;0;2;6;18;0;5;2;7;2;2;0;12;4;1;2
6.74229369999999;52.1735295;2;0;0;0;0;0;0;0;0;0;0;0;0;1;0;0;0;0;0
6.7431702;52.155026;4;1;2;0;1;1;0;2;0;3;2;0;0;1;0;4;0;0;4
6.7500842;52.1689557;5;1;0;0;0;0;0;0;0;0;1;0;0;1;0;0;0;0;1
6.76289339999999;52.2870722;5;0;0;0;2;0;0;0;0;1;0;0;0;0;0;1;0;0;1
6.7731974;52.2872694;4.4;0;0;0;1;0;0;0;0;2;0;2;0;0;0;1;0;0;0
6.77487;52.2826943;5;0;0;0;1;0;0;0;0;2;0;2;0;0;0;0;1;1;0
6.8343;52.2215;5;0;0;0;0;0;0;2;0;0;0;0;0;0;0;0;0;0;0
6.8358757;52.2187018;5;0;0;0;0;0;0;2;0;0;0;1;0;0;0;0;0;0;0
6.8377078;52.2230950999999;5;0;0;0;0;0;0;2;0;0;0;0;0;0;0;0;0;0;0
6.84362499999999;52.2323088;1;1;0;0;0;0;0;2;1;3;1;0;0;1;0;5;1;2;0
6.85001349999999;52.2393788;2.5;1;0;1;3;0;1;1;0;5;2;1;0;0;0;3;1;0;1
6.852611;52.2463549999999;5;1;0;1;2;0;1;0;0;2;1;1;0;0;0;1;0;0;1
6.8541105;52.2395633;4;1;0;1;3;0;1;0;0;4;2;1;0;0;0;2;1;0;1
6.856303;52.243143;4;1;0;1;3;0;1;0;0;2;1;1;0;0;0;2;0;0;1
6.85646979999999;52.1916285;5;0;0;0;2;0;0;0;1;1;0;0;1;0;0;3;5;1;1
6.8624829;52.2390184;4;1;0;1;3;0;2;0;0;2;1;1;0;0;0;2;2;0;1
6.8638675;52.1996306;1;0;0;0;2;0;0;0;1;1;0;1;1;3;0;4;7;1;1
6.86817159999999;52.2048522;1;2;2;0;9;0;0;4;1;8;4;1;1;3;0;4;7;1;5
6.8897718;52.7802337;2;3;4;1;4;2;9;23;0;10;4;24;0;3;0;29;0;0;7
6.8905151;52.779061;4;3;4;1;4;2;9;22;0;8;2;26;0;3;0;27;0;0;7
6.890714;52.2120422;4;5;9;1;30;3;14;68;4;30;18;11;3;4;4;40;6;2;6
6.89110999999999;52.776545;5;2;3;1;4;1;2;14;0;6;1;35;0;1;0;17;1;0;7
6.891636;52.219081;2;10;10;9;47;5;26;108;5;41;33;20;3;5;21;76;7;5;10
6.89176429999999;52.2060066;4;2;0;0;3;1;0;2;1;8;5;3;2;4;0;3;2;1;4
6.8925566;52.7864549;4;3;3;1;3;2;9;24;0;12;5;19;0;2;0;37;0;0;6
6.8942;52.7757862;5;2;3;1;3;1;2;14;0;6;1;42;0;2;0;17;1;1;7
6.8948478;52.7806949999999;3.5;3;4;1;5;2;9;24;0;11;5;27;0;3;0;36;2;0;7
6.903483;52.779666;3;2;4;1;7;1;8;17;0;8;1;29;1;3;0;18;4;0;7
6.9055692;52.7301813;5;0;0;0;0;0;0;0;0;2;0;2;0;0;0;1;0;1;1
6.9067732;52.2230807;1;6;6;11;32;3;25;103;1;35;22;13;2;9;22;58;10;5;6
6.907206;52.215806;4;2;10;2;37;4;18;101;1;34;19;12;2;6;15;44;9;3;7
6.9123022;52.2503561;5;1;1;0;0;0;0;0;0;1;0;0;0;2;1;0;2;0;1
6.931536;52.78719;5;1;1;0;3;0;1;0;1;1;0;88;1;5;0;0;1;0;2
6.934829;52.789523;3;1;1;0;1;0;1;0;0;1;0;92;0;5;0;0;0;0;2
6.9387633;52.7941140999999;5;1;1;0;1;0;1;0;0;2;0;58;0;2;0;1;0;0;2
6.94741529999999;52.2249522;4.4;0;0;0;1;0;0;0;0;2;1;1;0;2;0;1;0;0;1
6.949991;52.989918;1;1;0;0;1;2;0;7;0;1;1;49;0;3;1;3;1;1;2
6.98527769999999;52.2147438;5;0;0;0;2;0;0;1;1;2;0;2;1;0;0;1;3;2;1
7.00965999999999;53.194435;5;1;1;0;0;0;2;0;0;0;0;0;0;0;0;3;0;0;1
7.016792;52.937061;3;1;1;0;0;1;0;1;0;0;0;1;0;2;0;0;0;0;2
7.03475;53.148198;5;0;1;3;2;2;1;11;1;4;2;3;2;1;1;6;9;5;6
7.035114;53.166216;5;0;0;0;2;0;0;0;0;0;0;0;0;1;0;1;0;0;0
7.03779699999999;53.141725;4;0;1;3;2;2;1;11;1;4;2;2;2;0;1;7;4;1;6
7.0441476;53.1472081;4;0;1;3;2;2;1;11;1;4;2;2;2;0;1;7;4;4;5
7.05032989999999;53.134655;5;0;0;0;0;0;1;0;0;0;0;0;0;0;0;2;0;0;0
