"","charger_longitude","charger_latitude","highway_dist","highway"
"1",3.5060095,51.4923017,1001,0
"2",3.5202118,51.4748088,1001,0
"3",3.522221,51.473461,1001,0
"4",3.5224496,51.470047,1001,0
"5",3.55138,51.4795,890.183764260298,1
"6",3.5559576,51.4635289,758.293807581985,1
"7",3.555983,51.520892,1001,0
"8",3.55614,51.4764365,728.039377081019,1
"9",3.5646005,51.4463113,1001,0
"10",3.5669491,51.4531276,837.575361623645,1
"11",3.57322,51.440683,1001,0
"12",3.5824898,51.4418755,1001,0
"13",3.5907102,51.5490936,746.735165327001,1
"14",3.5983805,51.4839741,328.153804982554,1
"15",3.601188,51.5549279,53.5448890857192,1
"16",3.607906,51.4959527,224.45865288963,1
"17",3.6183342,51.496598,428.424757750726,1
"18",3.6232022,51.497112,657.556031710436,1
"19",3.625895,51.480105,173.739008371721,1
"20",3.6776495,51.4966464,31.4409836256556,1
"21",3.8233542,51.3373986,1001,0
"22",3.831692,51.336743,1001,0
"23",3.8407527,51.3348951,1001,0
"24",3.841883,51.306623,836.100722940683,1
"25",3.847737,51.33457,1001,0
"26",3.852338,51.313713,990.502466098831,1
"27",3.8550356,51.3058848,242.766451394782,1
"28",3.866485,51.4919532,173.617766100517,1
"29",3.875382,51.506797,115.308098509905,1
"30",3.8823682,51.4996752,422.059139937655,1
"31",3.88927,51.508318,547.574015364393,1
"32",3.8919415,51.4977909,140.933640828246,1
"33",3.895796,51.482619,118.612908569175,1
"34",3.897791,51.4981099,54.4536716804357,1
"35",3.9859167,51.5112598,1001,0
"36",4.0273677,51.4645658,34.754083130148,1
"37",4.03856,51.4451,364.646779192753,1
"38",4.047835,51.4948229,1001,0
"39",4.0492062,51.4912088,1001,0
"40",4.04929,51.2756,600.328897340588,1
"41",4.051902,51.481262,1001,0
"42",4.053975,51.279589,1001,0
"43",4.0561585,51.4879032,1001,0
"44",4.1226047,51.8380876,1001,0
"45",4.1268307,51.8406057,1001,0
"46",4.129708,51.8314666,1001,0
"47",4.1328781,51.8388849,1001,0
"48",4.1473073,51.8324311,1001,0
"49",4.1505613,51.7622552,1001,0
"50",4.1524632,51.7600696,1001,0
"51",4.156758,51.763973,1001,0
"52",4.1577125,51.7506157,119.860352370957,1
"53",4.208363,51.971317,134.965644415373,1
"54",4.2118651,51.9696068,92.0997230047599,1
"55",4.2145282,52.0623852,1001,0
"56",4.2226233,51.973124,64.3493336440831,1
"57",4.2228473,52.067934,1001,0
"58",4.224901,52.060806,1001,0
"59",4.2259527,52.0652867,1001,0
"60",4.2389005,52.0387534,226.223687003626,1
"61",4.2447868,51.9562222,873.295151991651,1
"62",4.265091,52.102791,1001,0
"63",4.267299,51.477953,1001,0
"64",4.2686491,52.1014317,1001,0
"65",4.273516,51.526812,1001,0
"66",4.2792667,51.5224108,1001,0
"67",4.279327,51.5293173,1001,0
"68",4.2796552,51.5161378,440.713654362976,1
"69",4.2835029,51.903975,1001,0
"70",4.28389,51.5082,457.287695339842,1
"71",4.286558,51.5004236,746.911203714553,1
"72",4.290132,51.496737,1001,0
"73",4.2939767,52.0425686,1001,0
"74",4.2949488,51.4826073,689.930475285005,1
"75",4.2951956,51.4950755,1001,0
"76",4.3038639,52.0780377,1001,0
"77",4.3043014,52.0758304,1001,0
"78",4.3060009,52.0747405,1001,0
"79",4.317859,52.03606,902.672742541359,1
"80",4.3214335,51.9991499,350.039976495681,1
"81",4.3236236,52.0021461,706.494593146544,1
"82",4.3270066,51.900661,1001,0
"83",4.327425,52.060319,1001,0
"84",4.3292854,52.1071436,196.72559688351,1
"85",4.3320378,51.9914423,608.421426648817,1
"86",4.3332853,51.4681311,1001,0
"87",4.3361495,52.036832,44.4062836021257,1
"88",4.3391988,51.9997275,591.880319723064,1
"89",4.3491515,52.0482575,196.575536427451,1
"90",4.3492024,51.9792072,797.888375182007,1
"91",4.3497427,52.0482477,180.620702801091,1
"92",4.3500438,51.987261,63.5897599799592,1
"93",4.3546045,51.9874342,9.64081544480174,1
"94",4.3551621,51.9924499,333.368652627592,1
"95",4.3622292,52.0593999,457.785762332119,1
"96",4.362749,52.027067,105.018179484712,1
"97",4.3638631,52.0401742,766.78748829762,1
"98",4.3642518,52.0961378,353.488715883129,1
"99",4.3661157,51.9812038,974.141992564404,1
"100",4.3685638,51.9439036,657.921873791405,1
"101",4.3858104,52.0782056,123.514784324392,1
"102",4.392793,51.9833879,111.973746005774,1
"103",4.3936886,51.982502,120.09762653976,1
"104",4.39837,51.8573,265.917546388858,1
"105",4.3988319,51.9169579,949.877815304137,1
"106",4.4008824,51.8291051,1001,0
"107",4.4026881,51.9156411,988.152293011294,1
"108",4.405905,51.820434,630.630815234587,1
"109",4.4083064,52.1420679,303.521598002379,1
"110",4.4103059,52.2044198,900.011963958329,1
"111",4.4106449,51.9439492,707.233290624872,1
"112",4.418177,51.821116,907.587875801184,1
"113",4.42355,51.94464,21.493949779907,1
"114",4.430709,51.85262,862.817279360304,1
"115",4.433087,52.115305,1001,0
"116",4.437809,52.019775,1001,0
"117",4.4383904,52.1235595,1001,0
"118",4.441336,52.2496579,1001,0
"119",4.4428961,51.9518866,846.054313059692,1
"120",4.446493,52.176933,665.116738522319,1
"121",4.4507646,52.0105338,324.985613023416,1
"122",4.4528011,51.9780382,253.105199082016,1
"123",4.4536146,52.1341621,1001,0
"124",4.4539461,52.1222403,1001,0
"125",4.4541128,51.8686246,108.459651896784,1
"126",4.4549928,51.9552003,402.538386076797,1
"127",4.4598536,51.8625976,24.5134107249785,1
"128",4.4603261,51.8624656,31.2375663871888,1
"129",4.4670591,51.9805962,1001,0
"130",4.4705325,51.9638265,618.71361903824,1
"131",4.4713854,51.9204634,550.9432269811,1
"132",4.472005,52.251943,505.6844917348,1
"133",4.4720216,52.1648112,93.9855818187527,1
"134",4.4725045,51.531863,366.599018963334,1
"135",4.4736713,51.8570066,523.434143964923,1
"136",4.4808993,52.1628059,99.9347014946638,1
"137",4.480962,51.92136,817.437797434522,1
"138",4.481499,52.168437,262.398196152781,1
"139",4.4821379,51.9140421,181.726717908422,1
"140",4.48383,51.9194699,536.228579303426,1
"141",4.4853011,52.0002007,1001,0
"142",4.4853606,51.5351384,126.98537478431,1
"143",4.4872628,51.8930787,339.16240258761,1
"144",4.4908055,52.0503452,352.928650415852,1
"145",4.491498,52.1504018,1001,0
"146",4.4930859,51.54528,532.366378209297,1
"147",4.4934,52.162951,606.369941382996,1
"148",4.4949019,51.9244124,537.765787554056,1
"149",4.495039,52.151536,1001,0
"150",4.496592,52.2227355,1001,0
"151",4.4969973,51.8755833,574.446710326317,1
"152",4.497536,52.226788,1001,0
"153",4.4980621,52.0516107,562.797680340726,1
"154",4.4986991,51.8465033,1001,0
"155",4.499134,51.8896326,43.3262225879116,1
"156",4.50073,52.225,1001,0
"157",4.5033472,52.2132603,127.161297909938,1
"158",4.504546,52.2126189,60.3254358354217,1
"159",4.5065212,51.8449585,467.389962350155,1
"160",4.5155242,51.9174055,143.890914153697,1
"161",4.5252359,52.0696836,1001,0
"162",4.52568,51.91815,346.12089631024,1
"163",4.5292076,51.5488332,210.234826803808,1
"164",4.5303497,51.5477014,220.969476146255,1
"165",4.530801,52.1508647,107.726736565564,1
"166",4.530808,51.89458,36.5366190100922,1
"167",4.5328926,52.3707534,1001,0
"168",4.5332162,51.583077,1001,0
"169",4.533435,51.591294,1001,0
"170",4.5340601,52.3766697,1001,0
"171",4.5342041,51.9652465,1001,0
"172",4.5345945,51.9591846,793.423183503778,1
"173",4.534677,51.877887,1001,0
"174",4.5372489,52.3782901,1001,0
"175",4.5382002,52.0079004,883.353374032615,1
"176",4.538822,52.3938906,1001,0
"177",4.5394439,52.039855,167.89613078724,1
"178",4.5421131,51.8919469,469.789622453191,1
"179",4.5422022,52.0747056,1001,0
"180",4.545472,51.593502,1001,0
"181",4.553898,52.265319,122.4391979765,1
"182",4.5542539,51.9333361,1001,0
"183",4.554378,52.417709,1001,0
"184",4.555974,52.266711,187.558469419225,1
"185",4.5563521,51.8769193,649.725118493696,1
"186",4.557072,52.265985,286.742706318445,1
"187",4.55838,52.2458135,1001,0
"188",4.5599165,51.9248098,394.332334952818,1
"189",4.5637069,52.2719953,71.6737853904079,1
"190",4.5882965,51.9849112,911.99833859218,1
"191",4.5885078,51.9145185,181.017110940451,1
"192",4.589458,52.3163791,14.2014305069332,1
"193",4.5904344,51.9861962,710.912858136732,1
"194",4.590524,51.87814,799.170905410978,1
"195",4.5927393,51.9847055,689.936516600624,1
"196",4.5927609,52.3954612,1001,0
"197",4.5932383,51.9858172,583.418965118757,1
"198",4.5936007,52.4956001,1001,0
"199",4.5979825,51.9870559,248.180062336902,1
"200",4.6008575,51.8629629,526.333620682167,1
"201",4.610088,51.81895,1001,0
"202",4.610697,51.8197789,1001,0
"203",4.6135463,51.8310561,430.35054833189,1
"204",4.6180898,51.8348464,47.7327990373738,1
"205",4.619548,52.335656,1001,0
"206",4.620008,51.836003,81.1739834532243,1
"207",4.627065,52.340807,362.787623583543,1
"208",4.6272072,52.3593845,119.908963719783,1
"209",4.6272186,52.4564285,1001,0
"210",4.6293154,52.376412,529.845172543727,1
"211",4.632123,52.2747391,1001,0
"212",4.63388,51.567718,1001,0
"213",4.6344694,52.3863708,1001,0
"214",4.634636,52.017688,250.929732337661,1
"215",4.6358483,52.4779197,341.668529808791,1
"216",4.6360175,52.0367273,1001,0
"217",4.6409562,52.4329956,440.162059822692,1
"218",4.642086,51.7736329,103.702468743724,1
"219",4.6421568,52.3772592,633.243306823984,1
"220",4.643366,52.3768747,621.815819673445,1
"221",4.6434375,52.3640072,668.104587636109,1
"222",4.6459212,52.3827552,1001,0
"223",4.647569,52.1335614,817.699291631026,1
"224",4.6482402,52.028147,671.498504078269,1
"225",4.6485887,52.3139763,761.537622313664,1
"226",4.649789,52.319643,394.490658959577,1
"227",4.651082,52.120183,1001,0
"228",4.651282,52.528661,1001,0
"229",4.6518457,52.4316763,301.180643167919,1
"230",4.6521956,51.77377,123.941555231852,1
"231",4.6522194,52.4160184,377.08490501952,1
"232",4.652344,52.366516,390.390905740101,1
"233",4.6526786,52.6186469,1001,0
"234",4.6547314,52.0452073,381.717426925174,1
"235",4.6551479,52.0564242,566.576538750297,1
"236",4.6553841,52.4384394,229.00363791764,1
"237",4.6560478,52.3591738,1001,0
"238",4.6562899,52.6202863,1001,0
"239",4.657108,51.813498,758.665984646716,1
"240",4.6571452,52.3229569,133.232016566783,1
"241",4.65735,52.0331,152.655056044305,1
"242",4.65755,52.4757187,41.8691800066079,1
"243",4.6585055,52.4295035,802.850433166247,1
"244",4.6599135,52.4318402,769.624998665928,1
"245",4.6603061,52.4769464,132.133464789567,1
"246",4.6614382,52.0563052,139.114260038016,1
"247",4.6616619,52.3851339,276.321145693165,1
"248",4.6617468,51.8154691,1001,0
"249",4.6619542,52.4302889,946.230922250341,1
"250",4.6629364,52.4300565,900.042952067771,1
"251",4.662954,51.868236,1001,0
"252",4.663634,51.794326,744.186284522245,1
"253",4.663747,52.040338,296.307549094335,1
"254",4.6638769,52.5086827,974.043018331572,1
"255",4.6642342,52.4321231,701.961625196425,1
"256",4.6644854,52.4314458,735.304814300298,1
"257",4.6656542,52.4274088,902.130503525618,1
"258",4.6665515,52.4831917,157.149102479856,1
"259",4.66789,51.572472,87.5310268446024,1
"260",4.6695719,52.385988,140.05001063086,1
"261",4.6705255,51.7821509,253.596317816014,1
"262",4.6722071,51.8662467,1001,0
"263",4.67248,51.8556529,142.400004340283,1
"264",4.67802,52.409506,1001,0
"265",4.6788732,51.7869104,569.712664969754,1
"266",4.6798253,51.8507377,47.0595636881043,1
"267",4.679896,52.517593,1001,0
"268",4.6802651,51.8499717,38.1417995114668,1
"269",4.6819582,52.3454428,328.491506583396,1
"270",4.682597,51.8276155,1001,0
"271",4.6836266,52.5217117,1001,0
"272",4.6842782,51.5735503,29.1607276301391,1
"273",4.6843199,52.3456187,219.280330446548,1
"274",4.684369,51.8018143,461.412856813511,1
"275",4.6851261,52.2914434,1001,0
"276",4.685379,51.8320719,1001,0
"277",4.6865692,52.3106729,713.765470261939,1
"278",4.6866422,52.6051341,1001,0
"279",4.687536,52.261445,86.8721872772406,1
"280",4.6883358,52.4977989,737.049979583817,1
"281",4.6892122,52.4884059,298.995885556911,1
"282",4.691014,52.496881,542.18174509423,1
"283",4.6931324,52.4967964,400.308512398176,1
"284",4.6969458,52.6781001,1001,0
"285",4.698551,52.014834,1001,0
"286",4.6987918,52.4986196,100.642648686438,1
"287",4.7016625,51.8369046,500.894352044091,1
"288",4.7021771,52.6606065,1001,0
"289",4.702202,51.8280249,198.013180080684,1
"290",4.7029809,52.5007005,92.945244619516,1
"291",4.7051994,51.5954925,1001,0
"292",4.7094463,51.8178953,94.3202288060787,1
"293",4.7149228,52.2924676,73.8971051826325,1
"294",4.715902,51.835433,289.381036456346,1
"295",4.7166941,51.6142003,326.262316662483,1
"296",4.71802,52.899423,1001,0
"297",4.7183033,52.8966624,1001,0
"298",4.7191675,52.6626716,1001,0
"299",4.7193594,51.8004121,1001,0
"300",4.7201923,52.8968859,1001,0
"301",4.722741,52.547541,71.3360295067864,1
"302",4.728394,51.580551,167.327608714881,1
"303",4.7287852,52.8933226,1001,0
"304",4.7295532,51.6233427,1001,0
"305",4.729835,51.5775364,216.649932428872,1
"306",4.7305045,51.5823632,390.675840231156,1
"307",4.7327867,52.8845976,1001,0
"308",4.7335605,51.5733004,502.757643387635,1
"309",4.7402498,51.8286303,302.123481610888,1
"310",4.74463,51.901523,1001,0
"311",4.7466056,52.4747047,1001,0
"312",4.74707,51.618219,1001,0
"313",4.7491462,52.2663271,1001,0
"314",4.7492785,51.6171556,1001,0
"315",4.7494249,52.499312,184.889229088837,1
"316",4.753672,52.068312,92.8397429546408,1
"317",4.7537964,52.2803538,410.88853196016,1
"318",4.7549187,52.6303878,1001,0
"319",4.7550968,52.8841904,1001,0
"320",4.756646,52.4835968,969.193451330917,1
"321",4.757784,52.6632694,701.367066004747,1
"322",4.7583832,52.0693079,229.321236851518,1
"323",4.761786,52.956759,389.497128854076,1
"324",4.762269,52.075882,986.338625246468,1
"325",4.765333,51.577248,564.736968198779,1
"326",4.76714,51.8223,692.88192111298,1
"327",4.768193,52.6626215,288.029337789576,1
"328",4.772447,51.820449,823.30511839967,1
"329",4.773582,52.3559924,1001,0
"330",4.7745825,52.9569349,131.624189569517,1
"331",4.7790753,52.3918194,25.4351281994748,1
"332",4.7793665,52.9321416,404.752772723143,1
"333",4.7826089,52.287059,31.7084249903048,1
"334",4.78287,51.678,1001,0
"335",4.7866,51.825426,127.727336696505,1
"336",4.788701,53.056574,1001,0
"337",4.788988,52.356617,1001,0
"338",4.791586,51.678372,1001,0
"339",4.7927379,52.9157446,86.2378520124243,1
"340",4.7941321,52.3514855,1001,0
"341",4.794903,52.353578,1001,0
"342",4.7949371,52.2749735,665.761056255654,1
"343",4.7958288,52.3582863,1001,0
"344",4.796208,51.681488,1001,0
"345",4.7970221,53.0523938,1001,0
"346",4.797257,51.54928,1001,0
"347",4.7977251,52.7837791,298.059729378804,1
"348",4.797852,53.056937,1001,0
"349",4.7980288,51.8204703,417.712259179941,1
"350",4.798629,52.277243,736.694546500432,1
"351",4.8007988,52.7795441,359.20962941134,1
"352",4.800934,51.610131,937.359769480579,1
"353",4.8012493,52.3740729,1001,0
"354",4.8017871,52.3520926,1001,0
"355",4.8024156,53.054436,1001,0
"356",4.8045517,52.5507437,236.172947459926,1
"357",4.805407,52.348689,1001,0
"358",4.8056943,51.5674874,1001,0
"359",4.806174,52.366515,1001,0
"360",4.8065987,51.7078197,1001,0
"361",4.8078492,52.7901439,324.571064756917,1
"362",4.8099253,52.6452354,1001,0
"363",4.8105589,52.373779,1001,0
"364",4.8132904,52.2773437,133.282871710557,1
"365",4.81688,52.4515839,84.3238882870669,1
"366",4.816897,52.253689,375.185830341424,1
"367",4.8175896,52.4611042,108.753533495482,1
"368",4.8206172,52.311706,144.296527851005,1
"369",4.8218569,52.407457,1001,0
"370",4.8220768,52.4379451,416.226746045387,1
"371",4.8227811,52.6508238,1001,0
"372",4.8228522,52.6408482,1001,0
"373",4.8250218,52.662982,891.469172963958,1
"374",4.8251786,52.2391966,1001,0
"375",4.8252372,52.6644229,777.254416957158,1
"376",4.8252372,52.664423,777.245969638464,1
"377",4.8273701,51.58285,105.23975605196,1
"378",4.828716,52.247631,564.53603856842,1
"379",4.8288792,52.3810327,404.465716538344,1
"380",4.8306418,52.3924174,90.1722058548722,1
"381",4.8317159,51.6305714,1001,0
"382",4.8319713,52.2742106,1001,0
"383",4.8338128,51.5803804,471.73387546547,1
"384",4.8378432,52.686555,192.980983667854,1
"385",4.8390887,52.6496395,1001,0
"386",4.8408779,52.2848659,167.352230975465,1
"387",4.8414759,52.402488,492.671071462927,1
"388",4.8434068,52.3437266,134.708983970367,1
"389",4.8450512,52.4475131,313.365418312903,1
"390",4.8451301,52.3451621,222.079049232804,1
"391",4.8456918,52.3423082,279.730223570754,1
"392",4.8458984,52.3398733,211.118863028869,1
"393",4.8480325,52.3355113,197.580475885046,1
"394",4.8492846,52.3910774,84.2465096306082,1
"395",4.8537908,52.3922713,43.3113630429095,1
"396",4.8550707,52.3450374,630.933251426542,1
"397",4.8572111,51.6121673,67.2548022643841,1
"398",4.8586026,52.3084084,703.670938477595,1
"399",4.8590841,51.5928518,362.200774377285,1
"400",4.862081,52.313825,608.969763851007,1
"401",4.8620856,52.2911006,122.689676820922,1
"402",4.86917,52.302553,94.5509299130721,1
"403",4.869871,51.626573,60.0127817138503,1
"404",4.8701514,51.6267709,31.6462219700566,1
"405",4.8745062,52.3125693,150.84739119089,1
"406",4.8754326,51.688912,86.2363159271534,1
"407",4.8762573,52.3122348,256.526663698604,1
"408",4.881101,52.3214474,757.375115252994,1
"409",4.8828831,52.3058386,687.959759042727,1
"410",4.8863391,52.3349975,214.256619744973,1
"411",4.8864122,52.3276041,741.400163733283,1
"412",4.887499,51.6117066,1001,0
"413",4.888774,52.328102,647.461642874347,1
"414",4.8917448,52.3751201,744.975114797409,1
"415",4.8924781,52.2051871,780.970477127577,1
"416",4.89438,52.37273,805.996377384896,1
"417",4.8950641,52.3693513,590.31154704279,1
"418",4.904311,52.426827,431.108512407663,1
"419",4.9125816,52.4169565,41.1273900744131,1
"420",4.912942,51.554715,52.2669635021525,1
"421",4.918211,52.337109,392.59029072319,1
"422",4.9220701,51.5929659,1001,0
"423",4.923462,52.388965,148.087661354244,1
"424",4.924463,52.327656,210.602643801153,1
"425",4.927293,52.323022,93.4263593284359,1
"426",4.9290756,52.3343836,20.9679208127321,1
"427",4.9308382,51.6312676,906.351821396105,1
"428",4.9317852,52.494481,581.868985499223,1
"429",4.932214,52.3994718,158.70249347139,1
"430",4.9328558,52.4033152,45.2781432211559,1
"431",4.9343426,52.4025927,28.4569482062471,1
"432",4.9366101,51.578113,321.560397316685,1
"433",4.9367917,52.5036982,55.0184548311857,1
"434",4.93745,52.400998,237.52711022892,1
"435",4.9380607,52.3388463,20.2957660652755,1
"436",4.9385996,52.489992,234.302133670161,1
"437",4.940687,51.6351803,1001,0
"438",4.9422468,52.5068865,413.196554743908,1
"439",4.9424303,51.6344768,1001,0
"440",4.9437324,51.659701,1001,0
"441",4.944491,52.365525,723.90956109999,1
"442",4.944561,52.364884,740.577302448188,1
"443",4.945841,51.552735,77.0772458286642,1
"444",4.946377,51.690805,209.275465223368,1
"445",4.948179,52.368747,499.32846191969,1
"446",4.9507123,51.6319333,1001,0
"447",4.9523544,52.4938779,745.704665790677,1
"448",4.956445,51.8424229,347.231965998554,1
"449",4.9589783,52.5098038,1001,0
"450",4.959994,52.2548109,460.321336932242,1
"451",4.96281,51.64418,1001,0
"452",4.967882,52.4942619,1001,0
"453",4.9691486,52.2704229,557.316179444242,1
"454",4.970103,52.2976834,965.742569349547,1
"455",4.9709383,52.3524993,344.026399876795,1
"456",4.972328,52.292535,1001,0
"457",4.9731921,52.3541684,527.824970553153,1
"458",4.973391,52.2392759,64.9727571729141,1
"459",4.9735283,51.8330466,1001,0
"460",4.9761096,52.2678638,834.411378938427,1
"461",4.9775042,52.3631799,384.064949942352,1
"462",4.9788584,51.5701126,626.672145787543,1
"463",4.9791753,51.5739383,586.95706562697,1
"464",4.9881517,51.5706862,1001,0
"465",4.9934872,51.8366348,882.748656335818,1
"466",4.99734,51.5898,1001,0
"467",5.0187612,51.6940473,20.3424307315337,1
"468",5.023398,52.319426,1001,0
"469",5.028913,52.711777,84.3452911888317,1
"470",5.03293,52.4873509,171.99510839138,1
"471",5.0337553,52.0139189,1001,0
"472",5.0338639,52.6480214,85.4650049691742,1
"473",5.035393,51.542563,279.122867452626,1
"474",5.0376085,52.4493006,738.695263819884,1
"475",5.0389792,51.6474848,1001,0
"476",5.0396115,51.6542158,1001,0
"477",5.0416609,51.6495457,1001,0
"478",5.0471254,52.2612267,1001,0
"479",5.047311,52.514838,127.271274633107,1
"480",5.0481774,52.6459528,749.746916495941,1
"481",5.0495127,52.6448938,873.470344472669,1
"482",5.0501939,52.0993403,710.705118276072,1
"483",5.0538999,52.6478589,1001,0
"484",5.0541355,51.5738238,1001,0
"485",5.0545198,52.646363,1001,0
"486",5.0573875,51.5755399,1001,0
"487",5.0575,51.5147,1001,0
"488",5.0588888,52.4954575,1001,0
"489",5.0623853,52.0938798,495.103675926495,1
"490",5.063794,52.0898856,613.124598334466,1
"491",5.0667335,51.6279567,276.297914119622,1
"492",5.0679844,52.6529159,1001,0
"493",5.069535,51.540275,490.19795087275,1
"494",5.0700878,52.1201526,1001,0
"495",5.0710593,52.1209261,1001,0
"496",5.0721339,52.495455,1001,0
"497",5.0728847,52.3278935,612.388549188911,1
"498",5.07644,52.119466,1001,0
"499",5.0779454,52.3201266,134.979376195268,1
"500",5.079265,52.333054,1001,0
"501",5.080725,52.118725,1001,0
"502",5.081255,51.874695,788.479990401545,1
"503",5.0819401,51.9875412,64.3381931784236,1
"504",5.083667,52.321719,67.4296914226647,1
"505",5.0842605,52.3221856,122.87320944828,1
"506",5.0852387,51.9900711,140.923382777266,1
"507",5.086993,52.0475416,1001,0
"508",5.091242,52.006845,935.65421067128,1
"509",5.091795,52.0704629,707.174570778273,1
"510",5.0920548,52.0430637,1001,0
"511",5.0941208,52.0100013,1001,0
"512",5.0951003,51.5510999,1001,0
"513",5.0967604,52.1208955,870.83635046032,1
"514",5.0974259,52.0724019,571.462822075003,1
"515",5.0978519,51.5527813,918.907016510287,1
"516",5.0981238,52.0866107,269.189289163957,1
"517",5.098344,52.0504745,959.399360138657,1
"518",5.0999683,51.694436,153.600270535547,1
"519",5.1018375,52.0818569,83.371377009588,1
"520",5.102868,51.883535,741.327080222529,1
"521",5.103915,52.057509,90.4049731410589,1
"522",5.10469,51.98357,221.338641001782,1
"523",5.105849,52.773806,393.625132429606,1
"524",5.107764,52.0891517,882.603228442349,1
"525",5.1100643,51.5442958,106.750309169603,1
"526",5.1117336,51.5432208,52.6693889816167,1
"527",5.1118898,51.5431883,50.2662711062379,1
"528",5.1132617,51.8817653,966.901059881297,1
"529",5.115087,51.878921,1001,0
"530",5.1156004,52.3236096,744.814033680884,1
"531",5.115897,52.697583,744.476880873479,1
"532",5.1165646,51.5233373,119.935747755615,1
"533",5.1169086,52.1159964,420.237620403469,1
"534",5.1178242,52.0632783,487.907538621615,1
"535",5.1199199,51.518158,105.948475483941,1
"536",5.1222726,52.0499124,612.16912849201,1
"537",5.1239068,52.3225537,269.354679762147,1
"538",5.124628,52.118187,111.673051434237,1
"539",5.1308265,52.0883885,1001,0
"540",5.13573,51.6783326,1001,0
"541",5.137938,51.5753965,437.787672881464,1
"542",5.1438539,52.3415887,921.739670387994,1
"543",5.1439921,52.0415697,243.000232577019,1
"544",5.1443203,52.0495305,67.2952234308277,1
"545",5.1444354,52.2207118,64.2141061156342,1
"546",5.1459545,52.041039,380.603915998811,1
"547",5.1514809,52.7015878,76.5012794048485,1
"548",5.1530049,52.2147672,84.8686556102163,1
"549",5.1534443,52.3464845,1001,0
"550",5.1616347,51.6978604,34.7925899606827,1
"551",5.16504,52.082008,212.096575603447,1
"552",5.1678617,52.2112893,26.0266561614862,1
"553",5.1679048,52.088138,344.036483783736,1
"554",5.1693429,52.261813,481.483966054542,1
"555",5.1711871,52.2651161,256.600949339269,1
"556",5.1712283,52.1081378,645.234994771588,1
"557",5.1763271,52.091279,137.09554662488,1
"558",5.1778158,51.6985738,203.302033003999,1
"559",5.178148,52.345798,185.272712641992,1
"560",5.1792594,52.1035024,27.8778153141078,1
"561",5.1796076,52.3711781,530.78134626696,1
"562",5.1796961,52.3703523,553.483466768574,1
"563",5.1799926,52.061003,142.717014265731,1
"564",5.18344,52.090928,55.4133656876939,1
"565",5.18936,52.380351,333.827366181852,1
"566",5.1907911,52.3628321,1001,0
"567",5.1921767,52.1028668,68.6047837133696,1
"568",5.193922,52.102582,32.2836384624081,1
"569",5.204248,51.689188,454.16460249923,1
"570",5.205139,52.061035,53.4276643154385,1
"571",5.2056741,52.0609537,64.8965600129574,1
"572",5.2073667,52.2467981,19.9796153422176,1
"573",5.2090386,51.657974,1001,0
"574",5.2102474,52.3838917,511.630796483493,1
"575",5.2113097,52.3552163,76.5263021609497,1
"576",5.2152956,52.7467619,1001,0
"577",5.2179715,52.6862043,200.285276803765,1
"578",5.2181795,52.3829416,738.265432983818,1
"579",5.2182689,52.3327606,1001,0
"580",5.2199431,52.3825465,818.497965893746,1
"581",5.2199861,52.0998518,317.730942309785,1
"582",5.221203,52.259277,826.895131568633,1
"583",5.222559,52.3862019,515.11890318805,1
"584",5.2244206,52.3848916,700.163483256268,1
"585",5.2249624,52.3355894,1001,0
"586",5.2278791,52.2472364,688.299534670951,1
"587",5.2280632,52.3858452,719.827352798035,1
"588",5.2283486,52.3467991,704.537704481317,1
"589",5.2300637,52.2356542,101.039140579661,1
"590",5.2304561,52.2357875,100.314676742501,1
"591",5.2324537,52.391116,327.220460895305,1
"592",5.2376694,52.3053838,1001,0
"593",5.240234,52.142305,51.8559358130205,1
"594",5.2416281,52.3810575,1001,0
"595",5.243668,52.379695,1001,0
"596",5.2437632,52.3567209,440.379797303282,1
"597",5.2439699,52.375129,1001,0
"598",5.243984,52.3583601,620.125865084997,1
"599",5.2468111,52.2542933,108.200445799826,1
"600",5.2486601,51.8149153,817.09199484546,1
"601",5.2546881,51.7963292,126.013023592611,1
"602",5.2553276,51.7965682,120.148714804778,1
"603",5.2559417,52.264341,97.1761506241483,1
"604",5.2569343,51.7979976,83.1708392186466,1
"605",5.2573881,52.0639074,290.430330981666,1
"606",5.2628617,52.7181146,1001,0
"607",5.264509,51.888989,1001,0
"608",5.2650772,51.757296,1001,0
"609",5.2686519,51.6929147,363.78233907183,1
"610",5.2694469,51.7508171,1001,0
"611",5.27027,52.17612,157.914754273737,1
"612",5.2774208,52.221139,268.928935892669,1
"613",5.2780458,51.6930459,739.460632577248,1
"614",5.2786515,51.6396115,1001,0
"615",5.2789766,52.0485224,452.119393528493,1
"616",5.2798591,52.0536758,34.9955700986203,1
"617",5.2829309,52.3940741,1001,0
"618",5.2854435,52.1206416,284.323674765896,1
"619",5.2873117,52.3469031,1001,0
"620",5.2874971,52.6998305,813.398216249287,1
"621",5.287629,52.220144,274.092730432519,1
"622",5.29075,51.61143,1001,0
"623",5.29075,51.6534,404.961969168396,1
"624",5.291895,52.207484,1001,0
"625",5.2943446,52.2152222,581.598078034033,1
"626",5.294598,51.500435,91.1190896134917,1
"627",5.2961185,51.8762608,262.713423242711,1
"628",5.30264,51.690701,1001,0
"629",5.3057968,52.4029878,1001,0
"630",5.3067461,52.0460405,410.192033787994,1
"631",5.3084454,51.8829025,123.337464874538,1
"632",5.3094414,51.6940305,1001,0
"633",5.314244,51.700058,1001,0
"634",5.32004,51.364447,398.819780827862,1
"635",5.3248879,51.3639229,273.568617405713,1
"636",5.3268954,51.6788873,355.331551606171,1
"637",5.3270255,51.6786641,329.344145925213,1
"638",5.3294124,51.9831234,174.970967229275,1
"639",5.3303563,51.7055909,1001,0
"640",5.3337628,51.5876746,1001,0
"641",5.3344802,51.7333973,1001,0
"642",5.3353283,51.7194065,71.785173736435,1
"643",5.3393677,51.7086204,349.838531303421,1
"644",5.3436467,52.1582573,142.252584592658,1
"645",5.3492502,51.492282,51.2728704090958,1
"646",5.3493959,52.150092,142.149297408461,1
"647",5.3504709,51.4917242,85.6042144437803,1
"648",5.35676,51.5591,83.5303420403677,1
"649",5.3594764,51.640045,1001,0
"650",5.3619321,51.5563835,104.649431841837,1
"651",5.3623185,51.3162374,1001,0
"652",5.3632367,51.4916808,47.5162840939882,1
"653",5.372365,51.734641,1001,0
"654",5.3747877,51.5677937,1001,0
"655",5.3750815,52.1380702,510.733214745626,1
"656",5.3757823,51.6670792,990.665154898229,1
"657",5.3775763,51.387279,635.675062239964,1
"658",5.3852424,52.1562306,1001,0
"659",5.3882899,51.433819,1001,0
"660",5.3890865,51.5109744,1049.42251670707,0
"661",5.3893948,52.195096,22.5390162094495,1
"662",5.3942542,52.1935587,134.801484386333,1
"663",5.3981432,52.1957957,94.3960130532614,1
"664",5.399235,52.196122,11.9933352689012,1
"665",5.4005996,51.6796366,1001,0
"666",5.4028878,52.1588903,149.572548451109,1
"667",5.40425,51.683217,1001,0
"668",5.4049591,52.1903027,111.46978985496,1
"669",5.4096626,52.1179377,525.011050127537,1
"670",5.409756,51.893908,639.165501297499,1
"671",5.4103471,51.4465665,906.00250861196,1
"672",5.411239,51.461879,178.73412109112,1
"673",5.4113272,52.4943702,1001,0
"674",5.412573,52.5005529,1001,0
"675",5.413704,53.1715609,1001,0
"676",5.414372,51.503064,44.3694709850688,1
"677",5.4188223,53.1716418,719.721918896896,1
"678",5.4196796,52.1209749,1001,0
"679",5.4202454,52.1405124,717.452645552248,1
"680",5.4231139,51.436212,97.6203634382502,1
"681",5.424587,53.1814419,1001,0
"682",5.426004,51.4914784,48.0093926605463,1
"683",5.429042,52.1296567,1001,0
"684",5.430129,51.899585,125.088562934528,1
"685",5.4305699,52.1933007,621.949766744027,1
"686",5.4309305,51.8883975,1001,0
"687",5.43183,51.35683,1001,0
"688",5.433638,53.17102,56.5060680490465,1
"689",5.433877,51.390831,1001,0
"690",5.4342756,52.1822682,75.363902734919,1
"691",5.4359934,51.9003836,73.1340298056137,1
"692",5.436953,51.899553,174.907667341494,1
"693",5.436993,52.521937,504.508856683988,1
"694",5.4375277,51.7209949,196.513546868229,1
"695",5.4380129,51.4853099,404.313382450766,1
"696",5.4399493,51.4276586,805.582380027049,1
"697",5.44007,51.3879,1001,0
"698",5.4408123,52.5243285,200.014176735622,1
"699",5.4408146,52.131753,1001,0
"700",5.4410567,52.5230731,306.073459667604,1
"701",5.4415699,51.89563,654.574584405229,1
"702",5.4485851,52.489945,1001,0
"703",5.4502247,51.5593207,1001,0
"704",5.4524656,51.4063827,90.1998719855403,1
"705",5.453894,51.4909097,476.60098324605,1
"706",5.4543233,52.505027,1001,0
"707",5.45444,51.3526,1001,0
"708",5.4564543,51.4817802,1001,0
"709",5.4627015,52.5231033,1001,0
"710",5.4628309,51.354712,1001,0
"711",5.4629127,51.3527398,1001,0
"712",5.463946,51.501967,330.635287472664,1
"713",5.465288,51.351483,847.780149696295,1
"714",5.4697874,52.5022795,1001,0
"715",5.469868,51.350575,779.796693542806,1
"716",5.471227,51.468472,1001,0
"717",5.4713683,51.3501457,753.913029604647,1
"718",5.4727052,52.4983178,1001,0
"719",5.4756606,51.728694,92.0962602628827,1
"720",5.47706,51.402338,301.613329779092,1
"721",5.4777075,51.4691481,610.230067264757,1
"722",5.4788035,51.5354088,69.1415825948594,1
"723",5.4795278,51.4069159,123.977202524474,1
"724",5.4796121,51.4072021,156.05517333828,1
"725",5.481294,52.215767,322.696242242876,1
"726",5.484859,51.4600129,78.8233002638669,1
"727",5.4863139,51.470578,74.9232260424368,1
"728",5.486673,51.458143,31.9287329333612,1
"729",5.4871782,52.5024744,1001,0
"730",5.4876634,52.5040228,1001,0
"731",5.4881269,51.7331819,43.9245663229536,1
"732",5.4883521,51.476969,27.3119740816639,1
"733",5.4902988,52.2306494,189.420040552483,1
"734",5.4907477,51.431146,685.175048780978,1
"735",5.4908493,51.434307,834.987655320086,1
"736",5.4914761,51.4285602,427.964526413948,1
"737",5.4927157,51.73451,23.1052849737518,1
"738",5.4927454,52.4867225,53.5789653129888,1
"739",5.4974109,51.415537,25.3066256788527,1
"740",5.5004369,51.7275307,839.680372959907,1
"741",5.5011304,51.4249032,300.624092102659,1
"742",5.5046812,52.4822273,93.6933136287517,1
"743",5.504829,52.340143,764.512946460294,1
"744",5.505097,51.4475308,95.667531748347,1
"745",5.5058492,52.4827634,97.0622824959673,1
"746",5.505891,51.4243599,559.776237968634,1
"747",5.5061666,51.4374269,87.3154300155994,1
"748",5.5144218,51.4409008,683.107555243126,1
"749",5.515251,51.427418,941.06002562293,1
"750",5.5191585,51.4509716,249.521047492971,1
"751",5.5191894,52.342935,1001,0
"752",5.5200428,53.0637264,599.332889248165,1
"753",5.521235,51.4379599,1001,0
"754",5.52493,51.60473,650.902457940763,1
"755",5.5330504,52.2680925,101.07686761355,1
"756",5.5361908,52.3349245,1001,0
"757",5.5362737,51.7366063,329.60250855545,1
"758",5.5380284,51.4038914,126.262343473751,1
"759",5.5402849,51.3510732,51.7925074753687,1
"760",5.5404236,51.3500947,26.9941988156061,1
"761",5.542565,51.475766,1001,0
"762",5.5437343,52.3118688,1001,0
"763",5.5464783,51.4292266,1001,0
"764",5.5522292,51.7797871,44.0026513713813,1
"765",5.5539245,53.0513888,25.6754380001847,1
"766",5.5551251,51.4611008,146.643415133134,1
"767",5.5563045,51.4217169,1001,0
"768",5.5572107,51.4256987,1001,0
"769",5.557888,51.446065,1001,0
"770",5.5594026,51.4077457,142.174297616702,1
"771",5.5604761,51.418493,1001,0
"772",5.561721,51.4198499,1001,0
"773",5.5629479,51.960793,212.248695274224,1
"774",5.5630404,51.9573135,74.4462173038875,1
"775",5.563808,51.634619,259.210505397514,1
"776",5.567875,51.967814,801.445108874895,1
"777",5.5777661,51.5423837,1001,0
"778",5.5778487,51.9561268,14.8392136580821,1
"779",5.582986,52.149084,1001,0
"780",5.587907,52.141736,1001,0
"781",5.5923259,51.3251703,72.0030620761501,1
"782",5.5933722,51.3221077,111.387384439025,1
"783",5.5991687,51.7465541,37.0963063364062,1
"784",5.60017,52.3222219,1001,0
"785",5.602086,52.322928,966.011089208215,1
"786",5.6028399,52.3244457,796.173003936761,1
"787",5.6029803,51.6714409,106.719286811393,1
"788",5.6029948,51.7456127,47.949306401623,1
"789",5.6050924,52.2500077,55.2403197349826,1
"790",5.60613,52.328,375.172937127118,1
"791",5.6076158,52.658561,108.104450531982,1
"792",5.6077591,52.3270149,450.640919114683,1
"793",5.609009,52.325634,587.495084646793,1
"794",5.6156862,51.4590037,1001,0
"795",5.616009,51.65413,707.582004116637,1
"796",5.6173157,51.4629096,1001,0
"797",5.6174591,51.4580896,1001,0
"798",5.6192717,51.6567461,969.047364970774,1
"799",5.6198767,51.4516692,1001,0
"800",5.6199069,51.4789947,696.031688483821,1
"801",5.62001,51.438966,1001,0
"802",5.6214258,51.4768873,460.270225421101,1
"803",5.6223892,53.0349029,72.6105119299317,1
"804",5.6292204,52.6696327,1001,0
"805",5.632605,51.462792,1001,0
"806",5.6368839,51.5109723,1001,0
"807",5.637099,51.7242261,1001,0
"808",5.6376928,51.5095308,1001,0
"809",5.6487874,52.0164222,134.111870017922,1
"810",5.6491129,51.2512553,1001,0
"811",5.651759,51.2815203,58.884150694245,1
"812",5.6561312,51.6440334,420.268943021391,1
"813",5.6563246,50.8971012,825.684732977163,1
"814",5.6574773,51.2443834,1001,0
"815",5.6598494,51.4746869,298.087354393337,1
"816",5.6600317,51.9823311,836.948658631829,1
"817",5.6627436,51.4969342,983.080451566643,1
"818",5.6629591,51.9633551,580.919871978787,1
"819",5.6647284,51.9769266,871.929255903145,1
"820",5.666996,51.4951836,832.437463337355,1
"821",5.6692577,50.8143623,1001,0
"822",5.6738053,50.8243074,1001,0
"823",5.6756719,51.478107,288.247436431931,1
"824",5.6811282,50.8480554,359.565536243233,1
"825",5.6818712,53.0172031,135.684010489748,1
"826",5.6892969,52.6608698,61.1588735244615,1
"827",5.7004272,51.2456617,365.149395984488,1
"828",5.7048163,51.2491332,816.762768666108,1
"829",5.7090963,51.5671366,51.0923918139548,1
"830",5.7152066,52.5241101,1001,0
"831",5.7179399,50.85642,314.954909921307,1
"832",5.7204987,52.523266,960.473604399966,1
"833",5.7211043,50.8305363,119.524300667109,1
"834",5.7216012,50.8123877,50.6338369887605,1
"835",5.722214,51.192907,145.462676145419,1
"836",5.7246823,50.8263729,434.125964603452,1
"837",5.7253236,50.8164585,227.168998796312,1
"838",5.7313706,51.2654626,545.217187063811,1
"839",5.7326266,52.7051557,806.911211892738,1
"840",5.737938,52.7055091,1001,0
"841",5.7395918,51.2775319,62.1045254916575,1
"842",5.7420409,50.8908601,30.9032429787153,1
"843",5.74205,52.684905,70.5654799437727,1
"844",5.7423046,50.886712,188.553723308944,1
"845",5.7459225,51.2820541,377.358171838099,1
"846",5.7498495,50.9222628,1001,0
"847",5.7516515,52.7104396,1001,0
"848",5.756388,51.827788,347.309027665709,1
"849",5.7650651,51.8524202,637.814349551672,1
"850",5.7651109,51.2546116,109.969847964723,1
"851",5.7673149,50.8277333,152.139750164649,1
"852",5.76783,52.3630846,164.002232907558,1
"853",5.767911,52.3608661,67.1170769412208,1
"854",5.768697,51.254604,28.729368534747,1
"855",5.7706648,51.4623451,445.854519887226,1
"856",5.7746091,50.9488937,823.193788498667,1
"857",5.7753918,51.4619273,458.570130496305,1
"858",5.7753957,50.8611546,1001,0
"859",5.7765463,52.3694474,858.473923608524,1
"860",5.7789859,50.9881814,290.718520826567,1
"861",5.7815065,50.989354,137.480876311745,1
"862",5.7834495,50.9746986,225.665622219527,1
"863",5.7835534,51.4561333,1001,0
"864",5.784124,52.369995,833.133711654355,1
"865",5.7846927,51.8234062,69.9113658104748,1
"866",5.7851643,51.4578679,1001,0
"867",5.7854786,53.1593854,89.3007957453735,1
"868",5.7878215,53.2046718,748.362105568854,1
"869",5.790471,53.197476,903.877996287385,1
"870",5.7908295,50.9718999,171.62603962514,1
"871",5.7928228,50.9839144,683.305455365567,1
"872",5.7931624,53.1722876,82.0210233235495,1
"873",5.794307,53.1720553,162.552929369742,1
"874",5.794587,50.939188,541.029587145195,1
"875",5.7971086,53.1905318,424.642484916518,1
"876",5.7991759,51.0105484,45.5109609550786,1
"877",5.8001106,50.9837856,781.342475109335,1
"878",5.8004643,51.0104821,100.654752965171,1
"879",5.800575,53.161515,108.641681628857,1
"880",5.800886,51.81971,622.74301580671,1
"881",5.8022162,53.2070966,623.572654547612,1
"882",5.8027,53.2018,1001,0
"883",5.8108406,51.4044239,39.6435950702992,1
"884",5.813401,50.9565259,123.657559333567,1
"885",5.8141935,51.1247828,843.002140011695,1
"886",5.8163307,50.9306267,1001,0
"887",5.816784,50.958058,401.045365866079,1
"888",5.8212538,51.8570607,975.728449555961,1
"889",5.8221538,50.8578821,1001,0
"890",5.8234051,50.8569585,1001,0
"891",5.823493,50.990619,167.55082954898,1
"892",5.8250733,51.8167944,175.754384865072,1
"893",5.82515,51.05757,64.5667699636258,1
"894",5.8256037,50.856726,1001,0
"895",5.8273,50.96807,1001,0
"896",5.8274436,50.8666387,1001,0
"897",5.8296638,51.8920397,147.4108071319,1
"898",5.831973,51.813451,205.091964063654,1
"899",5.8338898,51.8566512,385.84065327884,1
"900",5.8363139,50.86215,1001,0
"901",5.8363582,52.9599847,145.158903040356,1
"902",5.836708,52.755721,1001,0
"903",5.837754,51.838222,425.652463244733,1
"904",5.8385454,51.8084264,17.6612058421634,1
"905",5.842392,50.991278,272.095826022487,1
"906",5.84344,51.986449,96.3033499349996,1
"907",5.844099,51.842895,654.620098340622,1
"908",5.8462266,51.9580321,243.564085161534,1
"909",5.8466276,51.9609031,554.641384580409,1
"910",5.8467997,51.989214,258.211961365572,1
"911",5.8470942,51.7357036,116.609217495242,1
"912",5.847327,51.8443973,678.669138589734,1
"913",5.8485703,53.2129646,443.530048573829,1
"914",5.8509631,53.2073294,987.748408447074,1
"915",5.85189,51.945,932.391831949471,1
"916",5.8538346,51.83629,322.474142309784,1
"917",5.8544271,51.9542837,72.6064155184161,1
"918",5.855117,51.844867,364.018646751191,1
"919",5.8560299,52.442153,35.071974274892,1
"920",5.8611854,51.8497069,721.571134276289,1
"921",5.861263,51.105096,407.691962694227,1
"922",5.8621085,51.8420534,17.2878544067371,1
"923",5.8628435,51.1039226,577.109156049523,1
"924",5.8632799,50.97385,810.774867834881,1
"925",5.8652913,51.1056917,550.318302328891,1
"926",5.8663193,51.001178,1001,0
"927",5.8666279,51.847467,437.098734993891,1
"928",5.866638,52.031072,93.4506688261485,1
"929",5.8678039,51.11358,83.5439611302073,1
"930",5.868882,50.99438,1001,0
"931",5.8767365,51.9954615,142.186933072272,1
"932",5.8804073,52.0240567,52.5156984580916,1
"933",5.8822585,51.726116,1001,0
"934",5.884666,52.5572209,206.833406706221,1
"935",5.8860992,51.9421111,504.57636459652,1
"936",5.8919385,51.9928488,375.590503555157,1
"937",5.8923925,53.2421506,298.676409967066,1
"938",5.8954715,51.940872,1001,0
"939",5.8959178,50.9920194,1001,0
"940",5.8978195,52.008711,1001,0
"941",5.8994816,51.1173054,354.203497729573,1
"942",5.9011717,51.9825353,109.970691950787,1
"943",5.906797,51.9789039,61.8470242407971,1
"944",5.9088089,50.9616956,168.39811095448,1
"945",5.909333,51.986305,37.9574426144694,1
"946",5.9122023,52.1774972,50.6853501589885,1
"947",5.914103,52.560472,1001,0
"948",5.914754,52.54528,1001,0
"949",5.916297,51.989285,529.043703915109,1
"950",5.919555,51.93893,1001,0
"951",5.919751,51.8192,1001,0
"952",5.9201057,51.9422609,1001,0
"953",5.921453,51.8183859,1001,0
"954",5.923935,51.940481,1001,0
"955",5.9263287,52.0178438,46.4809587653623,1
"956",5.927132,51.77505,1001,0
"957",5.9272118,51.8278882,495.683813710034,1
"958",5.92912,51.9787,909.455856380941,1
"959",5.9315839,52.9651432,59.4948865880547,1
"960",5.9334773,52.1871744,496.907402408586,1
"961",5.9390638,51.857217,1001,0
"962",5.9392569,52.441989,1001,0
"963",5.9412169,51.7817495,1001,0
"964",5.9429789,52.0082601,110.456638968792,1
"965",5.9437015,50.8557415,1001,0
"966",5.943903,50.9046,74.3418744491945,1
"967",5.948859,52.440654,629.759251185077,1
"968",5.9504713,51.9986979,74.7701364077385,1
"969",5.9505165,50.936068,884.659271732249,1
"970",5.9528879,51.5698508,1001,0
"971",5.9545349,52.4392682,504.178958418725,1
"972",5.9552176,50.8922885,100.277936774731,1
"973",5.9555132,50.9152713,1001,0
"974",5.9575094,51.2341957,316.091168384088,1
"975",5.957723,51.2355159,378.084227915476,1
"976",5.95905,52.365829,1001,0
"977",5.9597727,51.9757568,99.7242406255173,1
"978",5.963771,52.208097,1001,0
"979",5.9657393,52.1639754,258.941523278679,1
"980",5.9667511,51.98249,293.343471243555,1
"981",5.9678725,52.0091252,1001,0
"982",5.9683763,51.9902818,498.751279988323,1
"983",5.969025,51.962158,175.987256048977,1
"984",5.9768086,52.2366562,18.5926391636657,1
"985",5.9778779,52.4516263,61.0999888348846,1
"986",5.9788848,50.8340917,1001,0
"987",5.9799861,50.8715303,145.909825048297,1
"988",5.9813533,51.6903383,711.823518517326,1
"989",5.9822951,51.949534,1001,0
"990",5.9847762,52.1788831,115.95995818342,1
"991",5.9848186,51.379788,33.9971309515401,1
"992",5.984966,50.878654,740.2151179409,1
"993",5.9850199,51.3766342,32.9774645219298,1
"994",5.9856,51.380057,83.8009123721192,1
"995",5.98617,52.348298,1001,0
"996",5.9877468,52.8858839,284.284007716725,1
"997",5.9884765,51.2011971,342.761733612048,1
"998",5.9888655,51.1997755,184.606365528824,1
"999",5.9891441,51.9672868,97.0275861367463,1
"1000",5.9914262,51.5300773,592.64707920017,1
"1001",5.9931386,52.2219446,159.458627444016,1
"1002",5.9932382,50.8851802,798.961325488107,1
"1003",5.9934995,51.1965364,273.102028181843,1
"1004",5.9942654,53.3257475,290.809851310498,1
"1005",5.995207,51.965978,271.517552255786,1
"1006",5.9990003,53.3289706,80.5510568988522,1
"1007",5.9990937,52.8764073,696.910003474088,1
"1008",5.9996246,50.8877757,275.794115141239,1
"1009",6.0002398,51.1975615,404.885899283479,1
"1010",6.0004989,51.378047,51.3845869470756,1
"1011",6.0040234,53.3287997,217.167510999551,1
"1012",6.0062284,50.8561726,288.715336898058,1
"1013",6.0073953,52.8769929,805.811976289435,1
"1014",6.01074,51.516864,312.327539143635,1
"1015",6.011039,51.5966256,1001,0
"1016",6.0134096,51.9624347,222.754800619244,1
"1017",6.0135253,53.3228409,575.055070184087,1
"1018",6.0141801,50.8637147,42.7210513293369,1
"1019",6.016104,52.204703,251.810248788656,1
"1020",6.019844,50.900933,1001,0
"1021",6.0204218,51.9589279,54.0733428950755,1
"1022",6.0207558,51.5066734,47.2683221875099,1
"1023",6.0209935,52.8801419,115.67983010138,1
"1024",6.0214003,51.5041324,129.898260836356,1
"1025",6.0248656,52.1701408,114.988093466002,1
"1026",6.0250883,52.1659922,28.8857587714169,1
"1027",6.0257985,52.1707825,72.1845479521858,1
"1028",6.0260741,52.1661907,85.5078648165275,1
"1029",6.027983,50.891946,1001,0
"1030",6.0288929,50.9020272,1001,0
"1031",6.0294054,51.1914044,66.3507573895926,1
"1032",6.0310585,51.9463996,546.289471757578,1
"1033",6.0351662,52.2016214,38.0767670037114,1
"1034",6.0359854,51.2315432,481.126356426542,1
"1035",6.0379636,52.1997854,66.4090395244212,1
"1036",6.041271,53.089229,1001,0
"1037",6.0435359,52.520173,776.541938440893,1
"1038",6.043683,52.5385025,764.983228433757,1
"1039",6.0449202,50.8930965,173.325734737169,1
"1040",6.0502226,52.522163,458.053941463222,1
"1041",6.050613,52.52529,176.224516090812,1
"1042",6.0508419,52.2371886,66.6886723272065,1
"1043",6.0551276,52.5349375,920.233916630536,1
"1044",6.055214,51.361888,599.516908259127,1
"1045",6.0559717,51.2379227,878.211872040063,1
"1046",6.0566891,52.5176121,59.6366637328758,1
"1047",6.058553,50.8952356,883.051468814258,1
"1048",6.0585799,52.4718425,1001,0
"1049",6.0590658,52.6275255,926.943914679895,1
"1050",6.06557,52.4754622,1001,0
"1051",6.065967,51.921714,1001,0
"1052",6.0659935,52.5356756,1001,0
"1053",6.068154,51.930711,819.424369557624,1
"1054",6.0682159,51.199497,47.5666212830625,1
"1055",6.0694342,51.9434843,353.792921005753,1
"1056",6.0703352,52.4674916,1001,0
"1057",6.0764189,51.940616,365.532772922986,1
"1058",6.0780786,52.5079397,418.517181517157,1
"1059",6.079058,51.931704,358.76276206108,1
"1060",6.081611,52.740903,304.398371951472,1
"1061",6.081793,51.940726,32.0570851186452,1
"1062",6.0834643,52.5028401,146.182113620044,1
"1063",6.0847411,52.6383072,212.61777047051,1
"1064",6.0882262,52.5109986,627.368844384087,1
"1065",6.0885677,51.3260979,174.373096392282,1
"1066",6.0896616,51.398801,497.977314793284,1
"1067",6.092777,52.2090428,51.4190973436814,1
"1068",6.094432,53.1083682,868.437121950224,1
"1069",6.095277,52.53851,1001,0
"1070",6.09577,52.4882599,1001,0
"1071",6.0980174,52.5145204,804.4969207269,1
"1072",6.09912,51.408594,470.624397957123,1
"1073",6.1005666,53.1054114,1001,0
"1074",6.103468,52.513318,1001,0
"1075",6.105899,51.936762,523.597906429312,1
"1076",6.1123033,51.9253499,254.894384841272,1
"1077",6.1163227,52.5225777,62.9681551967494,1
"1078",6.1247464,51.369935,118.00167229418,1
"1079",6.128208,51.9409909,1001,0
"1080",6.1354953,51.94206,1001,0
"1081",6.136792,52.27043,355.251075755449,1
"1082",6.137931,52.275086,111.493541352828,1
"1083",6.1379581,51.3420871,1001,0
"1084",6.1400077,52.7956044,98.9379761500113,1
"1085",6.1408226,52.2756498,151.604200331458,1
"1086",6.1440051,52.49744,373.410651371417,1
"1087",6.146645,51.307102,1001,0
"1088",6.1474875,51.3692575,1001,0
"1089",6.152905,51.3371191,111.517254540617,1
"1090",6.153646,51.37832,1001,0
"1091",6.1569908,52.5319865,81.3086280725583,1
"1092",6.1582534,52.7808519,486.034725795046,1
"1093",6.1608702,51.3724321,1001,0
"1094",6.1618047,52.2501004,63.2871101840917,1
"1095",6.165576,51.368452,1001,0
"1096",6.1678379,51.3644368,1001,0
"1097",6.1683403,52.5466888,66.8291924816461,1
"1098",6.1726912,51.3715086,1001,0
"1099",6.1761867,52.7312304,1001,0
"1100",6.1780219,52.236746,120.837044219365,1
"1101",6.178172,51.326318,639.100182854758,1
"1102",6.1782703,51.3718663,1001,0
"1103",6.1864882,52.7528626,122.08458944113,1
"1104",6.1882773,52.24005,477.876015948603,1
"1105",6.189893,52.687579,790.727368450289,1
"1106",6.1899661,52.7509842,58.3782625655854,1
"1107",6.1917099,52.700795,784.116206669685,1
"1108",6.1930083,52.7038528,494.764819388527,1
"1109",6.1953948,51.3290179,428.591697030468,1
"1110",6.204348,52.13255,1001,0
"1111",6.20474,52.139853,825.552453281829,1
"1112",6.2049816,52.6948497,66.275651120847,1
"1113",6.2057394,52.6981846,203.069131296503,1
"1114",6.20723,52.637622,226.930734298965,1
"1115",6.20905,52.6473,488.424153445313,1
"1116",6.2099454,52.6356269,378.901924077564,1
"1117",6.2104182,52.1333636,630.793213412837,1
"1118",6.2108686,51.9608232,1001,0
"1119",6.2117278,51.3277021,168.693672198507,1
"1120",6.212594,51.9571144,1001,0
"1121",6.2138401,52.1527192,239.338767132247,1
"1122",6.2145755,52.260448,428.866508902482,1
"1123",6.2174763,52.1374992,58.7845020888971,1
"1124",6.2180209,52.265027,367.364056394707,1
"1125",6.2242865,52.1273262,450.903910752315,1
"1126",6.2284264,52.2450248,480.687759062479,1
"1127",6.2327849,52.1260135,411.383344028892,1
"1128",6.233614,52.0063997,294.818060552493,1
"1129",6.2455051,51.961712,1001,0
"1130",6.2574091,51.9601625,837.074186795808,1
"1131",6.259102,52.510273,1001,0
"1132",6.2603502,52.4985543,1001,0
"1133",6.2676149,52.5139456,1001,0
"1134",6.2702929,51.9646106,89.3795960342839,1
"1135",6.270418,52.39097,542.530393824199,1
"1136",6.275853,52.522989,692.308913529176,1
"1137",6.2865382,52.5231644,792.01847315371,1
"1138",6.2882095,51.9648652,246.99510320797,1
"1139",6.292578,51.963562,578.927564412663,1
"1140",6.2947291,51.9578815,182.533341510647,1
"1141",6.312169,52.53206,34.3687747444196,1
"1142",6.3436953,51.9155213,414.672204119865,1
"1143",6.3462733,51.9286979,1001,0
"1144",6.3722771,51.8961479,780.325051021324,1
"1145",6.3805434,53.1653124,191.383503249372,1
"1146",6.410445,52.751022,1001,0
"1147",6.415599,52.161411,508.412205916961,1
"1148",6.4164441,52.1587473,645.531649148913,1
"1149",6.4171729,52.528243,201.518515574102,1
"1150",6.418515,52.519036,401.974809213613,1
"1151",6.4251455,52.70657,185.107816823577,1
"1152",6.438314,52.538039,1001,0
"1153",6.442703,52.36578,150.294559742255,1
"1154",6.4458824,52.7741939,20.1325117835507,1
"1155",6.4588694,52.3671164,148.086153769411,1
"1156",6.4638378,52.3650181,133.239692068773,1
"1157",6.4653193,52.3668734,88.6996594761448,1
"1158",6.466283,52.371773,550.393019579851,1
"1159",6.4680945,52.7190697,70.9371326212024,1
"1160",6.4690456,52.3655564,45.4243326508708,1
"1161",6.4863502,52.8452657,80.0652065196548,1
"1162",6.491099,52.716755,719.224283270676,1
"1163",6.492681,52.723925,1001,0
"1164",6.498713,52.299742,574.442023168869,1
"1165",6.5010896,52.3014154,486.992508862221,1
"1166",6.5016618,53.224251,1001,0
"1167",6.5160359,52.0026501,1001,0
"1168",6.517338,52.710727,495.123362805022,1
"1169",6.5174213,52.8513872,1001,0
"1170",6.5187739,52.115779,849.77605932211,1
"1171",6.519666,53.2368219,74.3955776417189,1
"1172",6.5197866,53.2367637,68.2097554768776,1
"1173",6.5209766,53.2274009,734.19347925786,1
"1174",6.5226962,53.2316449,348.794521166467,1
"1175",6.5258567,52.7666227,1001,0
"1176",6.5311909,53.1842864,1001,0
"1177",6.5415387,52.9832205,142.807243023798,1
"1178",6.5425444,53.2326462,404.53028711943,1
"1179",6.5489461,53.1917364,712.445648667606,1
"1180",6.5552505,53.2158022,752.935705320922,1
"1181",6.5552938,53.1885937,695.107223057891,1
"1182",6.5601303,53.2202359,1001,0
"1183",6.5620417,53.2112218,854.889253433059,1
"1184",6.5649017,51.9877643,607.389752715827,1
"1185",6.5664515,52.2358329,1001,0
"1186",6.5686213,51.9298414,53.2569824018559,1
"1187",6.572122,53.026018,27.6990786555115,1
"1188",6.574909,53.218854,1001,0
"1189",6.580143,53.0136608,610.293981166243,1
"1190",6.580945,53.017544,644.78359221726,1
"1191",6.581646,52.985117,897.700842628309,1
"1192",6.5844111,52.2332915,1010.82325986793,0
"1193",6.585229,51.925619,803.485322825337,1
"1194",6.587375,51.9980612,236.8667639758,1
"1195",6.5967501,52.57499,36.9978211815021,1
"1196",6.599434,52.4088442,1001,0
"1197",6.600371,52.577529,124.814423157871,1
"1198",6.60109,52.5790099,268.281353407873,1
"1199",6.6128082,52.13448,609.324112101866,1
"1200",6.6130406,52.041301,479.789589356672,1
"1201",6.614368,53.221396,51.4340577331064,1
"1202",6.615296,53.225322,105.495877060715,1
"1203",6.615359,53.2138565,334.754518060113,1
"1204",6.6178008,52.5772636,414.970466883591,1
"1205",6.619411,53.231696,96.9359940397571,1
"1206",6.6215012,52.4150638,793.527810533741,1
"1207",6.6242695,53.2384865,706.026902163543,1
"1208",6.6262553,51.9437899,370.68526741949,1
"1209",6.6302161,52.1295025,635.910831982199,1
"1210",6.6386069,52.197473,285.308566155504,1
"1211",6.6513769,53.222572,1001,0
"1212",6.6534891,52.3323381,47.334200373759,1
"1213",6.6571573,52.1779584,1001,0
"1214",6.6616155,52.3530456,940.43109947169,1
"1215",6.66822,52.359855,331.451414383709,1
"1216",6.6768712,52.3504699,23.0803828776455,1
"1217",6.68541,52.368131,368.921031564787,1
"1218",6.7232,51.973027,1001,0
"1219",6.7255694,51.970209,1001,0
"1220",6.7283228,52.1648284,417.771396979506,1
"1221",6.7284401,51.974302,1001,0
"1222",6.7362868,53.162173,875.211649071244,1
"1223",6.7398541,52.6622739,1001,0
"1224",6.7422937,52.1735295,167.723569795234,1
"1225",6.7431702,52.155026,1001,0
"1226",6.7500842,52.1689557,290.331303083675,1
"1227",6.75677,53.1526,98.5192249542673,1
"1228",6.7628934,52.2870722,156.125574999441,1
"1229",6.77032,53.160913,859.109920482312,1
"1230",6.7731974,52.2872694,43.5657162324943,1
"1231",6.77487,52.2826943,96.563748757817,1
"1232",6.7809735,52.4112164,544.361658423818,1
"1233",6.7876249,52.4091725,903.815832768433,1
"1234",6.7942528,52.4008678,755.286057705699,1
"1235",6.8177223,52.2145395,569.002663710707,1
"1236",6.8184689,52.2144059,583.855143320268,1
"1237",6.8343,52.2215,33.0424155534757,1
"1238",6.8358757,52.2187018,46.1281410630058,1
"1239",6.8377078,52.2230951,106.998483006034,1
"1240",6.843625,52.2323088,70.597786245612,1
"1241",6.8500135,52.2393788,96.5854880602527,1
"1242",6.852611,52.246355,863.101601735139,1
"1243",6.8541105,52.2395633,277.53081072002,1
"1244",6.856303,52.243143,672.515488161785,1
"1245",6.8564698,52.1916285,1001,0
"1246",6.8624829,52.2390184,532.848946427183,1
"1247",6.863715,53.095319,1001,0
"1248",6.8638675,52.1996306,234.887334566729,1
"1249",6.8640309,53.0973436,1001,0
"1250",6.867842,53.090907,1001,0
"1251",6.8681716,52.2048522,366.231123073141,1
"1252",6.8751015,53.1062975,1001,0
"1253",6.8834278,52.7242023,167.511342758696,1
"1254",6.8897718,52.7802337,919.962364695037,1
"1255",6.8905151,52.779061,1001,0
"1256",6.890714,52.2120422,228.045480371232,1
"1257",6.89111,52.776545,1001,0
"1258",6.891636,52.219081,901.142818235835,1
"1259",6.8917643,52.2060066,129.513168214678,1
"1260",6.8925566,52.7864549,261.155215698839,1
"1261",6.8942,52.7757862,1001,0
"1262",6.8948478,52.780695,918.505633190832,1
"1263",6.903483,52.779666,1001,0
"1264",6.905542,52.325131,715.606895910728,1
"1265",6.9055692,52.7301813,996.733539800454,1
"1266",6.9067732,52.2230807,208.03911101222,1
"1267",6.907206,52.215806,183.064664661483,1
"1268",6.9123022,52.2503561,198.27559828138,1
"1269",6.915986,52.3247103,632.503308090141,1
"1270",6.92331,53.335665,1001,0
"1271",6.931536,52.78719,1001,0
"1272",6.934829,52.789523,991.77526026538,1
"1273",6.9387633,52.7941141,742.116742826061,1
"1274",6.9474153,52.2249522,987.811630323001,1
"1275",6.949991,52.989918,1001,0
"1276",6.9602673,52.3101038,1001,0
"1277",6.9852777,52.2147438,1001,0
"1278",7.0084456,52.2594081,1001,0
"1279",7.00966,53.194435,1001,0
"1280",7.016792,52.937061,847.662616574782,1
"1281",7.03475,53.148198,1001,0
"1282",7.035114,53.166216,579.067454657238,1
"1283",7.037797,53.141725,1001,0
"1284",7.0441476,53.1472081,947.534080773508,1
"1285",7.0503299,53.134655,283.221049066217,1
